,A,B,C,D
2000-01-01,0.10241184735587658,-0.7041466287389913,0.43301097881911144,-2.027553068646368
2000-01-02,-0.35227079745043544,-2.267091229974003,1.8450672572314892,-2.397707920703224
2000-01-03,-1.33242776035799,-0.24605171906265788,4.078517582133239,-2.607360959887583
2000-01-04,0.9740697017631681,-0.17357528316563886,3.3342040890817404,-1.5254638682857897
2000-01-05,2.0103663533658818,-1.2480135860453805,3.9847662548591014,-2.6701271515809513
2000-01-06,-0.4400484382198564,-2.284813008619611,2.2596666646075416,-2.978215486099577
2000-01-07,0.4357094093017875,-2.0956989840878024,3.837345378372612,-1.7041829275580478
2000-01-08,-0.13985798102741498,-2.9212103996651324,6.343277090057222,-1.4904979524267152
2000-01-09,0.046101999550826334,-1.265336445549949,5.752347068069213,-2.3077727015786804
2000-01-10,-1.3238592345404316,-1.5648442005083012,5.750267652950537,-2.902526706340288
2000-01-11,-1.2337523220043365,-2.46717359670843,4.476376843832401,-3.5212912189303003
2000-01-12,-1.644914745312621,-1.1796259510996419,3.204476821499791,-2.5874800580189685
2000-01-13,-4.102836102605101,-0.6743100344083439,3.0809952360861073,-4.27477497848907
2000-01-14,-4.300118524361396,0.2471900942145907,2.3944938993958385,-4.630080568751838
2000-01-15,-3.1330619748331197,-1.1365938880293793,3.219631141363555,-5.39370409955568
2000-01-16,-4.0913726579818075,-1.1966050666751387,0.850333237164214,-4.78324028749825
2000-01-17,-4.550782447521879,-2.8411078671259693,-0.4045528550937181,-3.7154672529900923
2000-01-18,-4.174424062816358,-2.553165651357713,1.3398811510332016,-2.9679468248923815
2000-01-19,-3.274005002577986,-2.7476078083545654,0.4849868892496916,-2.5693238679389467
2000-01-20,-3.376897137445606,-3.120572469893189,-0.06532839688116066,-1.5710297818218957
2000-01-21,-4.574571532309765,-3.64342706931333,-1.9593793699296937,-2.3164254826241195
2000-01-22,-4.9262782884115595,-4.355352842853431,-0.628539935264194,-3.4912183424345913
2000-01-23,-5.623081241817029,-2.3868169467591303,-0.4916753437896094,-5.1986714330454085
2000-01-24,-6.050823074495664,-1.572455062216025,-0.24339440585175745,-4.319936964350349
2000-01-25,-7.077807669982502,-2.849781963764471,-0.11193535757837084,-2.7073203274125577
2000-01-26,-6.492848168572247,-3.185089368768366,-0.7643597392696578,-3.98205413597112
2000-01-27,-6.49739312047735,-3.308105530052573,-0.08884064361945476,-2.7175980331594953
2000-01-28,-6.993109054599396,-3.5122324154678704,-0.5825290293466261,-0.9237089421122873
2000-01-29,-6.366705727150868,-3.0980892886966136,-1.2506611556520624,0.02004611991698213
2000-01-30,-6.310528273072978,-5.350007752287356,-2.801558707270316,0.39517710189446237
2000-01-31,-7.203521386381968,-5.6779567587834885,-2.7038419098271764,0.16344479655042296
2000-02-01,-7.584415053013914,-8.444744700939252,-3.576095542399508,1.7553490132123803
2000-02-02,-7.828377605244535,-9.264921118344299,-3.4451284440157814,1.2551120151502164
2000-02-03,-7.512022610162196,-9.869807790600783,-1.4575903899704208,1.8211084110244984
2000-02-04,-6.766555018447946,-8.884231226202187,-0.6817903698948543,1.7896270623987778
2000-02-05,-7.715179391938613,-7.963780999339399,-1.024379608992894,2.137280469668732
2000-02-06,-7.219434264060956,-8.796991437104412,-1.8108496328382961,2.0133888720247293
2000-02-07,-6.636362418491223,-9.29110505078256,-1.5277492687613303,3.582821293246284
2000-02-08,-6.88506412471977,-9.076789862814497,-1.1374107814307306,2.9107547729843906
2000-02-09,-7.707964575431519,-9.296604234171486,-0.8404587052045321,2.899346696817056
2000-02-10,-7.040559824400084,-10.09488102526499,-1.759344730777891,1.4242767261254163
2000-02-11,-7.7239842684906845,-7.610647524542888,-1.0733997914001105,3.6857077082199554
2000-02-12,-6.367214535086604,-7.127823137693303,-0.33249847762493834,3.382742710971747
2000-02-13,-7.56060279261426,-7.223428761526367,0.7755584111443415,2.811946823681945
2000-02-14,-8.146286813790839,-7.67270967241682,1.2958558855680578,2.8999921674001423
2000-02-15,-8.205705773984302,-7.641532106912076,1.8459332100527281,2.440475831255348
2000-02-16,-7.879409187694558,-9.969110373512814,2.5577889312073436,2.1476310524931104
2000-02-17,-8.563261236482171,-9.75692312330492,1.5738541579108993,0.6844985387998002
2000-02-18,-10.445302147981211,-10.359166544836317,2.159086649610866,1.355047318664254
2000-02-19,-11.39026776407753,-9.739419999319699,1.7400086806393622,0.30459147268750963
2000-02-20,-10.538983406329672,-9.972165706015753,2.4652699241180254,0.859016539781531
2000-02-21,-10.002899564463004,-10.869204510373235,1.6593110402750195,1.892530037103444
2000-02-22,-10.388778833339611,-9.71835353041845,-0.31355943092550476,0.7997237932574242
2000-02-23,-11.103801097424112,-9.119018314794944,0.06238821075871792,0.2510799969713705
2000-02-24,-11.348943527275216,-9.774060677119596,0.4002521430142657,1.1002560640350096
2000-02-25,-11.823535840063599,-9.397858699480707,2.92175824195887,1.2739159560967692
2000-02-26,-13.365147086035376,-7.611520191482035,2.3934203542882595,0.6883252702962915
2000-02-27,-14.001440032663764,-7.960219038619512,0.2544621464851926,0.4498664296352711
2000-02-28,-12.989374491686297,-8.040023974765687,1.4996452337955912,-0.06213830066042447
2000-02-29,-14.116429572826819,-8.21007456729326,1.7390210372410624,0.565080627877357
2000-03-01,-14.244085389084647,-8.569142085814901,1.7479380881065192,-1.450481977447449
2000-03-02,-14.214129613444205,-10.631668726723166,2.8477067072788134,-1.3667784937411918
2000-03-03,-15.219843679126123,-10.908979945095842,0.7934284312136977,-1.1265564252060412
2000-03-04,-14.757645355978388,-11.491647021327871,0.4393040162718466,-2.0024476356499656
2000-03-05,-15.701897891356861,-10.517175572651778,1.1355510746069617,-2.062680289270131
2000-03-06,-16.395141553291733,-11.467309968730822,0.6422211368560482,-1.5483082635439156
2000-03-07,-15.185219649196243,-10.904150599565662,1.7987611874332066,0.4401033133506487
2000-03-08,-14.77392232734441,-11.047816943274468,1.39269950647155,-0.8607195230986591
2000-03-09,-16.2101303653266,-10.642509504702723,1.1957288658916205,0.7088686419509136
2000-03-10,-18.387800141664094,-9.379314938597112,2.5632877245608023,-0.6460667789086141
2000-03-11,-18.897151311763043,-9.953206350826386,2.9495570118674768,-0.9170173311654485
2000-03-12,-19.075186505579637,-9.92860992370814,4.820117648641755,0.3220611195380648
2000-03-13,-17.881870464998325,-8.180470887421226,6.233378921878758,1.1384139957422519
2000-03-14,-17.426397821551834,-6.16809811925782,6.478386379225567,0.6291035566759828
2000-03-15,-16.95176737721581,-4.608601786459087,6.262881363859718,0.8916171696197099
2000-03-16,-16.04153206341352,-4.014924913422113,6.309104689334133,0.22345028678923917
2000-03-17,-16.646175497636534,-2.702337999965736,5.654580296202795,1.403490479084584
2000-03-18,-16.837957577199,-3.509797084925706,4.086035805981986,2.182248589245911
2000-03-19,-16.784267730639254,-3.7696104145517424,4.880155593448498,2.3906490313740374
2000-03-20,-15.05226242415571,-3.6900785403079093,3.2927255736064596,4.43446082268709
2000-03-21,-16.161710116119757,-4.258835713156799,5.191807402086725,3.54819763461339
2000-03-22,-15.813506133291122,-4.145313401498998,4.9464214851718165,1.7809660076181937
2000-03-23,-15.821349854983577,-4.415449889376466,4.61201315274161,1.213036498327475
2000-03-24,-16.018020339455216,-3.548578830676891,4.4813409246470775,2.6458307282613642
2000-03-25,-16.783365050221725,-4.612277100152955,3.9623487583630514,3.204529321627528
2000-03-26,-17.286471199433567,-5.228889921617624,2.8227153174124044,1.682754814335664
2000-03-27,-17.684839370397704,-4.598582887850824,1.8858518530437733,1.3985916270973786
2000-03-28,-17.765765053882568,-4.081782494144445,1.7399153476758327,0.5729585848444254
2000-03-29,-18.014141380080172,-4.100374156498081,2.1503984155163565,0.5964559233449068
2000-03-30,-16.007412663730214,-3.8681640021742583,2.7064022181835545,-0.14212669232056074
2000-03-31,-16.902632645404502,-4.29198821528712,3.6519801423781653,0.01636365623130856
2000-04-01,-17.684345820510437,-5.439558156586428,3.8060061780841385,-0.2943497304536379
2000-04-02,-17.602048330819912,-6.104414699358356,3.787934446020035,0.4168980562941287
2000-04-03,-15.73688836617973,-6.453987453038786,3.917596121290972,0.8175247980568342
2000-04-04,-13.589956157789654,-5.3155710610950475,5.766103319081664,-0.43346142996500603
2000-04-05,-14.409034338798595,-6.522901861129917,5.9778295242233686,-1.4554878129189985
2000-04-06,-14.099845545121312,-4.321851094466885,5.048679995160778,0.23252759814636925
2000-04-07,-14.274977324711887,-3.66796611775184,5.685191350305307,-0.22685757418802427
2000-04-08,-13.700940202731617,-4.156146382144391,4.728192384875787,-0.7801465120419757
2000-04-09,-13.437664122550371,-5.528669824726817,3.7042226097628586,-1.0456070268130742
2000-04-10,-13.955174138249788,-5.884515977303444,4.774859569396128,-0.9288154292529108
2000-04-11,-13.615795925124951,-6.047826776234751,5.705683169011974,-0.7397495855535288
2000-04-12,-12.859919213189134,-6.59207204074288,4.6958876559805605,-0.44940482478518334
2000-04-13,-11.57974333878105,-5.820876598248218,4.005977155634839,-0.15600632870645503
2000-04-14,-12.224628676788715,-6.591350802032012,3.5079049896103958,-0.18932882933472323
2000-04-15,-11.039899501852622,-5.5751883200553864,4.062729384576643,0.8352442504633912
2000-04-16,-11.845886294284137,-4.716525783130553,4.9241638130415675,-0.24617345092760878
2000-04-17,-12.117741631866046,-3.2087917657479004,4.681149625427605,1.456724817893674
2000-04-18,-11.761386857651047,-1.143522427911992,4.61282064759559,-0.6707004020813825
2000-04-19,-13.128184776900667,-1.155205336057863,3.0298586722125638,-1.6946279447433277
2000-04-20,-13.65362020018405,-0.867532987914842,3.5286668297885297,-1.2998193406265761
2000-04-21,-12.703870037147244,-0.1314510802845411,2.658122117005951,-1.4838869923525926
2000-04-22,-13.130553288196477,0.11723472379552805,3.030319961366823,-2.884503045729721
2000-04-23,-12.736915472845821,-0.3041901186777156,3.3450196113249406,-3.2644875377196754
2000-04-24,-11.620504861321091,0.37549805011517723,3.108175380889126,-4.120187755814022
2000-04-25,-9.210564622616534,0.2475197569495788,1.789570084059151,-5.70010559737495
2000-04-26,-9.658628674956523,-1.1566588186905302,2.5627259638427304,-4.895645487033395
2000-04-27,-10.046954103220262,-0.48434819092860104,2.0670440567635326,-4.160676043021223
2000-04-28,-11.486532610462335,-0.2704300737569304,0.647835722313961,-4.19903855935654
2000-04-29,-10.095689208609965,-0.5385528099050807,-0.7071656587504693,-4.25571669986938
2000-04-30,-11.089842965717937,0.026672623055490785,-0.4677105734648205,-3.786197735755844
2000-05-01,-11.773128393182665,-0.39400773030765085,-0.7532950440405345,-5.520800053823801
2000-05-02,-11.787763357158434,-0.4316892185527363,-0.7708512444502698,-7.329992753040983
2000-05-03,-11.37484600297565,0.153157076974004,-1.7316169936080898,-7.378668115752317
2000-05-04,-12.160833377738289,1.1588239542636876,-2.4975045953965456,-6.5920531045964434
2000-05-05,-11.665773152952367,0.499035377428532,-1.2592809298879326,-6.2523409727560475
2000-05-06,-11.594248726719673,-1.053347822710676,-1.8244399458108156,-7.583334466483574
2000-05-07,-12.139650102104309,-1.01116467321588,-2.0682880191457325,-7.326894148683569
2000-05-08,-11.485430761222247,-1.1861862799528786,-0.549170127057423,-7.322947183405608
2000-05-09,-11.504738957383088,-1.1522793319889713,-1.3170334705972575,-7.192518791143309
2000-05-10,-10.6691974220196,-1.5632944922244427,-0.9845744124796281,-7.5670392895519045
2000-05-11,-11.068939172145242,-2.1916927974559317,-0.694252950003853,-7.4328048614736835
2000-05-12,-9.953083757231745,-0.5869805818724492,-1.3915589110358588,-7.547105790325618
2000-05-13,-9.607659213137312,-1.7834936348966712,-1.0280816879483092,-7.21482310735754
2000-05-14,-11.24985701038907,-3.16249600372253,-0.9668977306397247,-7.2575748960333435
2000-05-15,-9.191350727817884,-3.2708458770361886,0.2998402503585401,-7.059698934637772
2000-05-16,-9.444367925877502,-2.70836307589527,0.2600081644876328,-7.911637753346824
2000-05-17,-10.167782715395846,-2.8105829481129634,-1.1400894137614614,-8.027775944284937
2000-05-18,-8.723254808753417,-3.736884735958014,-2.277811653666344,-8.589744536059822
2000-05-19,-9.11659604969222,-3.439864142711623,-3.6921956101517592,-8.857298314897614
2000-05-20,-10.019563310139347,-4.282641376647103,-2.205999137186156,-9.209242999590662
2000-05-21,-9.279071881985338,-3.504883634789083,-2.1506004236400313,-10.651346682321272
2000-05-22,-11.424323457879959,-3.803198264142435,-2.588198898262412,-9.484715594202827
2000-05-23,-11.60886821056637,-5.745397744802212,-1.758640619341123,-9.813029101506576
2000-05-24,-9.287181792166765,-6.426490437818242,-2.278450003863744,-10.401294006305237
2000-05-25,-11.228819464790034,-6.172848928872663,-2.701258791693465,-11.724790393707343
2000-05-26,-10.386063160465914,-5.368191489827439,-3.7007670245568303,-11.121831810316545
2000-05-27,-8.724391311231829,-5.943460559140109,-2.6424731093492806,-11.397224325039288
2000-05-28,-10.362422750323766,-4.823510615821456,-3.789529117575637,-12.331450942206335
2000-05-29,-10.3067139507693,-4.729595943298442,-3.491505174243954,-13.647558796725226
2000-05-30,-8.94787936052806,-4.908899452185543,-3.8572949713133284,-13.799926715387379
2000-05-31,-8.034646065379254,-4.93189199328969,-5.167320395251364,-13.503188525679128
2000-06-01,-7.866327365051004,-3.67816224573549,-4.265435485028125,-11.967353153016516
2000-06-02,-7.3222671898534655,-2.1003681372398697,-3.5244329510599814,-13.728241412767153
2000-06-03,-6.923736790792253,-2.2579840356412504,-4.114465962042075,-13.885745369739494
2000-06-04,-6.492263143058685,-2.645157775462312,-6.397959348042283,-13.013882570285908
2000-06-05,-6.127574035148157,-2.401691867883951,-7.017873976194866,-12.426006951082982
2000-06-06,-5.4782859454952435,-2.893643162807357,-7.61869207248219,-11.887378847096643
2000-06-07,-6.728828431490765,-2.8898161563565252,-7.5481020462583075,-13.43691619317645
2000-06-08,-5.170363556663856,-3.00646046397071,-8.668596080369475,-12.820131169980568
2000-06-09,-5.756926588602712,-2.068925872270488,-8.444395786963687,-12.441257469994472
2000-06-10,-6.9322616777684,-1.5639738880373666,-7.560855024067442,-13.476511539148374
2000-06-11,-7.335821220454775,-1.8092260419587223,-8.31536851771355,-14.941980134262497
2000-06-12,-8.272846300785789,-0.751163541731624,-8.866101265881579,-15.424610252662456
2000-06-13,-8.401680049389162,-0.03353320217219258,-7.4356030226088565,-15.111174969951557
2000-06-14,-7.378654400041016,0.9080813628602968,-6.570654309266697,-14.730297319979668
2000-06-15,-7.3682496973250915,0.032780622720143704,-5.008354663070048,-13.736663461910581
2000-06-16,-6.861502342445276,-0.19418618005266483,-5.409886469736936,-12.282130640252758
2000-06-17,-7.475633446455124,-0.3907385047881482,-6.767781927272134,-10.373425056655659
2000-06-18,-8.918786387859466,-0.19637180916735295,-8.010169676116213,-11.618441635476927
2000-06-19,-8.752354588378676,-0.15469251764032907,-8.10705199784352,-12.16439748828202
2000-06-20,-8.619720665937598,-1.3596322100395375,-8.378047999902956,-12.84318412193167
2000-06-21,-8.548669699300186,-0.9770672969448848,-8.22554543981645,-11.758348088621675
2000-06-22,-9.497336042109946,0.2588000665900785,-8.9007454458554,-12.795599590373387
2000-06-23,-8.30262831802273,0.013394367321006462,-7.83346222024127,-11.814368703358092
2000-06-24,-7.498654599805085,1.765390747504676,-6.425398935693421,-10.45803676398527
2000-06-25,-6.780417359134928,3.042513155281526,-6.05259027915436,-9.297003234744095
2000-06-26,-6.52812053465241,2.4124481933095794,-6.480904688450291,-10.62344208367107
2000-06-27,-6.779583123534872,3.8850401433186255,-6.820043861820513,-11.75356384752185
2000-06-28,-8.140165870245637,2.8888298497201435,-7.001305506712204,-12.87304467959748
2000-06-29,-8.727898464778868,4.072173189819012,-7.226309040623773,-12.796681874654972
2000-06-30,-8.801019690562336,3.9913214838595756,-6.680403054987849,-11.473665350147504
2000-07-01,-9.746054515139445,3.000062604931449,-7.376269229434604,-10.78361617293616
2000-07-02,-9.705749254753655,2.7540051895560267,-7.088716326628891,-10.760372415682541
2000-07-03,-11.098897626338188,3.294083025273316,-7.502656959170341,-10.073114616915763
2000-07-04,-12.756432189148287,4.420633582887943,-6.829015526255623,-9.762692659543832
2000-07-05,-13.269793513650075,3.4008723223791155,-8.011589594446658,-11.492249639797084
2000-07-06,-13.779075146349182,3.2342787925905823,-6.642318445342724,-11.350460033157617
2000-07-07,-13.413889354721357,4.857919176215422,-7.119363596273949,-11.138485877341862
2000-07-08,-11.943243773430012,4.586494594353174,-6.3425960865291,-11.638147879316692
2000-07-09,-11.96695584437402,3.485016976148106,-7.002106852424651,-10.570153808451844
2000-07-10,-12.635419780501568,3.2884269796177383,-6.350186936021258,-11.226760745187171
2000-07-11,-12.199970633289459,3.3832984605699234,-7.625516494171256,-10.690319997837642
2000-07-12,-9.44786689599251,5.437035648270134,-6.8581695964408755,-11.800705771452696
2000-07-13,-9.35521929985228,6.1185279720823065,-6.965548206183269,-11.298941202729287
2000-07-14,-10.249175955923116,7.245144276094138,-7.3806302621951465,-11.733834664134985
2000-07-15,-9.535185469961249,8.796956978369971,-5.94322455408599,-13.38484410607052
2000-07-16,-11.158099538235891,8.507647673843964,-6.250777782777287,-14.169598012514799
2000-07-17,-11.799669980245021,8.628701716231294,-6.1360712142013485,-13.349414801375818
2000-07-18,-11.679221318558557,8.32988354116419,-4.969574739132707,-15.72727588150954
2000-07-19,-10.726576493060687,9.265021580449405,-2.625675166252163,-16.879331160822804
2000-07-20,-11.282020748015583,8.897827658739683,-1.010493738303694,-19.516792041965378
2000-07-21,-9.365443146158785,9.749948269370893,-0.22909266096377845,-18.50778720990804
2000-07-22,-9.541887965900788,8.942487336134821,0.6771743450395297,-18.174133437956556
2000-07-23,-8.830322145388175,9.047042035789303,2.0312847685633626,-17.19871549613268
2000-07-24,-9.621875352177177,11.392007375730259,1.2368316614395285,-17.319258431038012
2000-07-25,-9.042874364194981,9.0289072788243,1.510276975121108,-15.865334734178212
2000-07-26,-8.326724389220086,8.02900676646036,1.9975413935303286,-16.82927680538855
2000-07-27,-8.34525094308117,7.94876302230285,2.8299107967792905,-16.820910683140077
2000-07-28,-7.209045616536775,9.016171742149108,4.8481806301368895,-17.765159965816057
2000-07-29,-8.985612263380153,8.444550695580801,4.2378612798662125,-17.915939590666625
2000-07-30,-10.150482968574003,8.530846608663936,3.9661715433778375,-18.20904103444666
2000-07-31,-10.614434625561726,10.377497539565175,5.426169495736588,-19.817563623724524
2000-08-01,-9.265371692433494,12.79180050208537,4.897804303973345,-20.23635582513221
2000-08-02,-8.354106922753036,13.970796444551935,3.823871109902376,-21.38446185731465
2000-08-03,-8.145679218705611,14.799860825535555,2.0961703872148125,-21.407012084441984
2000-08-04,-7.2178689086016234,15.583457936586408,2.40932408044205,-20.711170095630823
2000-08-05,-7.170456181078734,16.19398342555666,2.288351189244471,-20.74386468495854
2000-08-06,-7.804858615293311,15.871039164431451,0.7362254312965222,-20.149898326562127
2000-08-07,-7.39512802875131,17.994776359148513,0.48240740929106074,-19.96336327323492
2000-08-08,-6.5101228391257,17.389843478160454,1.1697875338941226,-20.959001001703605
2000-08-09,-6.254520560588882,15.645733623290806,1.2595128007507348,-19.862885269372534
2000-08-10,-4.9538561723041665,18.644175788119473,0.9882749550430119,-20.23933092298026
2000-08-11,-4.57621009085527,17.682486691934937,-0.5180700926338826,-21.022564150257505
2000-08-12,-4.359048062659015,16.879266872841466,-0.38018174863927445,-21.890645264471733
2000-08-13,-4.675926767052586,16.43771775266929,1.1124269492712722,-22.591026004935088
2000-08-14,-4.993458395763961,16.32222652989797,-0.4955031577998279,-24.85967258433252
2000-08-15,-5.573271306716315,17.23458584650907,-0.8521023910937324,-24.91500047241928
2000-08-16,-7.140241722788039,18.011587636907688,-1.1539088077336435,-26.09768367704041
2000-08-17,-7.59734241412668,18.13663987705256,-1.136851961402475,-26.220836946361306
2000-08-18,-7.368616317558194,17.33364719231381,-1.2841040095812393,-25.45237280312574
2000-08-19,-7.377676753034028,17.177400384429923,-2.528319274079657,-24.739807521068347
2000-08-20,-7.925118381341116,18.60792622952279,-3.4206931270855128,-24.576158897241417
2000-08-21,-7.580377137384705,19.77382085267,-3.673297534896198,-27.845557748603664
2000-08-22,-5.829757034542389,20.00110969838738,-2.070395937141643,-26.93545941462024
2000-08-23,-5.52485793402806,18.435550319564342,-2.09586860173141,-26.349367332777444
2000-08-24,-6.328327005131882,17.105760511481716,-1.4486476747763812,-26.743487521373638
2000-08-25,-7.327699648387636,17.23449229880456,-1.8392908208700978,-26.197310268669206
2000-08-26,-7.260681015907451,18.68764246690841,-0.49260117583954033,-26.260167122697013
2000-08-27,-5.381790176342514,18.903519846111468,1.1287447488928406,-26.435149855500168
2000-08-28,-7.128745859013265,18.477358479262303,2.380820053441319,-26.42081297873699
2000-08-29,-7.931781912167524,18.670410858233407,2.9273980851339423,-27.495067055278653
2000-08-30,-8.275930684974895,17.517024341357512,2.8399345385858132,-25.2372589135967
2000-08-31,-9.473717503741003,17.79760563766202,2.9444417975387247,-24.658827337222466
2000-09-01,-12.035193210554086,18.449817291614636,4.272936598250539,-25.086737668603664
2000-09-02,-10.310633542588526,18.569595683160692,3.2630852543289635,-25.828174845536306
2000-09-03,-11.926404251801937,19.138111930887753,3.3279882507590073,-27.286560440857617
2000-09-04,-13.33766999113254,19.742832770415,4.667186082164187,-27.621705765409892
2000-09-05,-14.108988506726826,20.843953212961427,3.209022318368226,-28.497423075771916
2000-09-06,-14.398320929934428,21.11479030504339,5.406126104370346,-29.761001691082097
2000-09-07,-14.951638955395854,19.39015113842365,6.655317365020192,-29.255172745643975
2000-09-08,-14.01425154438688,18.62510286328234,6.258449631000632,-30.442998312075336
2000-09-09,-15.939019999556342,18.569590532230645,7.9587368578032684,-30.018688979622667
2000-09-10,-15.413889450991995,17.245254178417124,7.711785291082254,-29.85172777323548
2000-09-11,-15.062685520178032,17.37512235947335,7.528954978225064,-27.845602993385622
2000-09-12,-15.955764836120728,16.700528524364913,7.390309678814853,-28.707947153989515
2000-09-13,-15.6486399731284,16.836837823322615,5.70735101918081,-29.700451689757948
2000-09-14,-15.060496648525131,19.32653871665162,5.710180430362611,-30.687188912278362
2000-09-15,-15.19001270807607,19.083719783753345,7.612929762552156,-31.80969475091302
2000-09-16,-15.768920073415705,19.067974821314678,7.184518668193544,-32.1582462306642
2000-09-17,-14.043175118714451,18.839296035895604,5.670620728673386,-31.670194547070817
2000-09-18,-16.064237041085107,20.544368496250044,4.311586167190907,-31.95234574181594
2000-09-19,-17.724807402696452,19.563865702091963,3.8670174335923195,-32.01446947491397
2000-09-20,-17.94979705309946,21.361013181337583,2.762221283052721,-32.63046763962534
2000-09-21,-18.132003078543416,23.49069709771983,3.9326828927052655,-32.51660678137105
2000-09-22,-17.868849420625846,23.53959789567779,2.1661155438016264,-32.67910796691923
2000-09-23,-16.971967528899935,23.01728503869555,1.2908740180775857,-32.95768431755259
2000-09-24,-16.969886083283196,22.222442476439117,0.7591544692527148,-32.32492381223941
2000-09-25,-16.45967225242089,21.980319519548097,0.2436417499637784,-32.754391937734766
2000-09-26,-19.009421837001916,23.11013276283627,-0.2726739847197276,-33.14742303952817
2000-09-27,-19.12724945826185,22.88829445654272,-1.8822736543926308,-34.997344166368585
2000-09-28,-19.910722127986958,24.79001620715569,-0.42364445131208317,-34.18485077505289
2000-09-29,-19.01732729904642,25.532799597006587,-1.1711453549540511,-34.24009980847628
2000-09-30,-17.953594878578393,24.403668581416564,-2.4675139634336185,-34.39405075390152
2000-10-01,-19.052818807903975,25.55265940613117,-1.830428837379164,-33.27976335346882
2000-10-02,-22.7328636089266,24.872998470602013,-2.5314331319850076,-34.44384615573534
2000-10-03,-23.290456469708026,24.748213401052237,-1.379645017187408,-34.378044125580864
2000-10-04,-24.60739995559679,23.68832224387114,-1.2527081339823847,-33.8323606830458
2000-10-05,-24.39112602365298,24.840019640045373,-1.8144610709483486,-33.00385773640738
2000-10-06,-24.205324629277506,25.402741513485996,-2.079143385217981,-34.75854733798757
2000-10-07,-24.959256074082347,27.30258948960803,-1.2479820121086895,-36.00414531867899
2000-10-08,-25.793672247502677,27.682843282439407,-0.5241940150687896,-36.301897570383886
2000-10-09,-26.473055236039787,28.98464979720365,-0.7806921585489648,-36.22336848504029
2000-10-10,-27.256148207474013,29.36385807882632,-1.8024369156387972,-35.93293074250811
2000-10-11,-27.80616970956927,28.296397038582995,0.014626028557675363,-36.76819139989724
2000-10-12,-26.501444675628534,29.65771163060271,-0.14126592047625966,-38.768831897145986
2000-10-13,-25.144219144139857,29.604721637443625,-0.12341602256480323,-40.516649215249274
2000-10-14,-25.30553694583509,29.668825976251888,-0.6285907553981446,-40.55071661823496
2000-10-15,-23.869211737775892,29.231949169729113,-0.44412157494701165,-40.10469591206606
2000-10-16,-24.022462569376714,29.093645622669204,0.6023565327559169,-40.87619495070939
2000-10-17,-25.426032978788495,29.85699306025171,-0.43488806538241975,-39.68795655119713
2000-10-18,-24.483681108955448,29.686958114460662,2.3110386137230425,-41.00774763153489
2000-10-19,-26.125291098486034,30.148570141560068,2.373696872128074,-41.558344695043125
2000-10-20,-26.875200227610467,27.938539438669768,2.1175761657914527,-40.78595310580641
2000-10-21,-27.772797529860867,28.531959327280774,1.892292942613028,-43.10704940420455
2000-10-22,-26.750067443633398,28.77832348720797,2.672576125010945,-44.10078791679253
2000-10-23,-26.044987437382918,29.873167334787574,4.305839942646503,-44.79150847273028
2000-10-24,-26.116250137809086,27.41778977685771,3.537869179758716,-44.50885263892353
2000-10-25,-27.325219937447773,27.484609284662444,4.27807070533765,-42.78783112239891
2000-10-26,-27.059099424811887,25.796733402969537,4.272756476158191,-44.05408544601554
2000-10-27,-27.97898363015114,25.92180847358731,4.580094822759094,-45.60077770319079
2000-10-28,-27.89837514559087,26.048457757138078,4.47998592640587,-46.58947703653991
2000-10-29,-25.43863379034232,25.472532001792757,2.759286618447936,-47.398880231609056
2000-10-30,-26.102027713164627,26.290701531773706,1.0576764524495883,-48.91794906880521
2000-10-31,-25.21838794551936,27.578066826798292,0.4142077274436008,-47.36606115635087
2000-11-01,-25.340302057361274,28.882477623940673,0.8039491229155789,-47.17218348578206
2000-11-02,-24.553017915736636,30.66452103885863,-0.9643832816086024,-46.40933239082934
2000-11-03,-24.237090538664493,30.99293854715475,-0.1476798622450085,-46.904413559099986
2000-11-04,-24.900159496300926,30.168365176267788,-0.9929682198130639,-45.455820268006086
2000-11-05,-24.133707373301934,30.060054948176475,-1.096307210876873,-46.736042319526234
2000-11-06,-24.162845070750187,29.826567808210346,0.1791936997082335,-47.30003387738888
2000-11-07,-22.639456359090104,30.525027272052856,-1.788702901538708,-45.98066922425491
2000-11-08,-23.402206210580886,29.48041996753254,-0.838096670908635,-45.93570710002497
2000-11-09,-21.53586249158524,28.848528812065823,-0.23931895112841017,-46.627470069798576
2000-11-10,-21.924142482708785,29.22644447147069,0.18856607299105788,-46.881344080028974
2000-11-11,-21.173869196468395,30.363480235572386,0.9982463861923274,-47.06139278384067
2000-11-12,-20.174186469117476,29.57676215851451,2.403284463283768,-44.891892297827674
2000-11-13,-22.47001613195227,30.054162971890893,1.340076596073521,-45.414171001501686
2000-11-14,-22.45686222786674,31.31280399573136,1.5374679534954805,-44.680033174559085
2000-11-15,-23.218293944727424,30.833218690000418,2.241392565148476,-43.72035601426428
2000-11-16,-24.1673453645231,31.638386900693884,2.895447729010738,-43.309427757443544
2000-11-17,-23.123860072066602,31.286321054178604,4.899108342721403,-43.27936459412735
2000-11-18,-21.688400819604823,32.3366903583941,4.578489043460129,-44.00142350018873
2000-11-19,-22.519383083846453,32.44579815102876,5.583835701756804,-43.98638390906201
2000-11-20,-22.10491871235787,30.650210796996383,3.794867487537573,-43.60228283313587
2000-11-21,-22.58720261185242,32.846270169321,2.9598089268438685,-42.37525070800257
2000-11-22,-24.281760717186785,34.52357486060316,1.065303647901813,-42.308126459178894
2000-11-23,-25.657213210084972,34.64157025479513,0.1728527484696195,-39.85131048788419
2000-11-24,-25.9205109280698,35.94565090530829,-0.24593296916922114,-41.31994579653883
2000-11-25,-26.099034698391794,36.16204808646169,-0.6161087774326406,-42.52295458062608
2000-11-26,-27.037206014176498,36.20711369975715,-0.9878871001317661,-40.68075260153068
2000-11-27,-26.93549130495637,35.60908675077352,-0.9549901510404903,-41.80072636202376
2000-11-28,-26.114306807208933,37.17625382693743,-1.0076392088433144,-42.088704321166546
2000-11-29,-25.672371519005328,35.63854281388348,-0.1874958800473624,-43.54721474623034
2000-11-30,-25.2525330327598,36.83512539750086,-0.992146258539889,-42.987020349835355
2000-12-01,-23.58704014209583,36.628479539735935,-0.5878563451890166,-42.992168563452346
2000-12-02,-23.015856448518207,38.038781528014354,0.2375549546176513,-41.25223809991142
2000-12-03,-22.98167036912619,38.01085056943385,0.4464866798506809,-39.81042636080785
2000-12-04,-23.245674593900247,37.4493196403053,-0.7234670386765304,-40.153589897815124
2000-12-05,-21.825792940798614,36.74885738062594,-0.2694280326316538,-39.95949703330715
2000-12-06,-21.951569170820875,37.56241514799008,0.16239767730181082,-39.10965709105866
2000-12-07,-22.148551549956014,35.5792292272428,0.07004089739938614,-39.03216704278997
2000-12-08,-21.743956735285334,34.913905044729994,-0.34134518270390957,-38.53948253275267
2000-12-09,-21.06038210754036,32.82120684411841,-0.3377415510041622,-38.82361812728934
2000-12-10,-20.315207952397458,32.92689416481903,-0.3038041849170381,-37.95975640167967
2000-12-11,-18.929196349311898,32.69655916511857,0.6650576701869995,-38.976912058982826
2000-12-12,-19.182130754168696,34.23394749790016,2.640307152222176,-39.360026905385475
2000-12-13,-20.798075187180192,33.36283349634408,1.3848888105973156,-39.917344027756485
2000-12-14,-22.1137970057119,34.03207946897306,2.15595037322224,-41.35920860925585
2000-12-15,-20.739299041989437,34.81106164485244,1.652451392900164,-41.27404926270203
2000-12-16,-20.585755106895867,34.572174615253964,1.9168494588305045,-42.674208520972
2000-12-17,-20.11179721590199,35.63847882773265,1.800225017966266,-42.35766594799901
2000-12-18,-19.83570394034744,35.85936735082994,1.3484001953772757,-42.49414998815933
2000-12-19,-18.0889284109948,35.80836540990481,1.0987275001337649,-44.79309498575457
2000-12-20,-17.75135720816432,35.5886356110418,-0.2367695204314939,-45.986019647803616
2000-12-21,-17.728923401432464,35.65083291092416,-1.316885931136976,-44.9615774717946
2000-12-22,-18.423536156048247,34.4204093677892,-1.031116371246838,-45.24255565216593
2000-12-23,-18.98008741984612,34.461614434397525,-1.4399979240111203,-46.55722443939486
2000-12-24,-18.280751734012004,33.214705436585355,-2.1071726923936795,-46.45144423468617
2000-12-25,-18.925077187311135,34.234139596220324,-2.9474173866708844,-47.06993822145073
2000-12-26,-19.08137190163904,33.47532652247503,-3.732013675391381,-47.89708942533522
2000-12-27,-18.792042069233972,34.151248853415105,-4.555445357491023,-46.131140665993534
2000-12-28,-18.277286688930253,33.55958266522676,-5.03165188153681,-47.016617433732016
2000-12-29,-16.711250253025487,32.42965476166506,-5.47285328329928,-47.482801593491494
2000-12-30,-16.049457273810443,32.40838465507008,-4.782773994534452,-47.59169312943075
2000-12-31,-17.120174241445923,32.50876673965977,-4.821260718535898,-45.61211112760325
2001-01-01,-17.610894029439823,31.718434247749553,-4.654352076646576,-46.19977744098726
2001-01-02,-17.42873872789564,31.527264458691835,-5.950718964616834,-46.61827256495069
2001-01-03,-15.843056038049117,30.80246767776551,-5.869108513233698,-46.76406486523404
2001-01-04,-15.433332790568187,30.32420650025616,-5.804171972323823,-46.50765699885249
2001-01-05,-15.5219326059865,29.003676778710542,-5.284109027482183,-46.47302388858761
2001-01-06,-13.785263275061451,28.109686483729156,-4.966015765523789,-46.89170756209408
2001-01-07,-13.578497352188338,27.142691943382502,-5.439560099302752,-45.685233930515864
2001-01-08,-13.555552650087588,25.79454423964311,-4.613860161480044,-45.91656892750256
2001-01-09,-14.540996669252667,24.780573003397432,-3.695082372316796,-44.464452705466535
2001-01-10,-13.900710937572688,24.374608180236613,-3.3738129425839496,-44.17504902512645
2001-01-11,-14.661656344217672,25.674328427623443,-3.3640536397131506,-45.12840879072958
2001-01-12,-13.560105515910982,26.149447247323963,-3.2584469521173722,-46.15319725694803
2001-01-13,-13.832832988940163,26.59160175018569,-4.134917202485105,-45.55096413438159
2001-01-14,-13.084971998277503,27.117211238453343,-5.179387842776747,-45.273955522600055
2001-01-15,-12.20389059587589,28.07003094728042,-6.972877041590451,-46.053093128489316
2001-01-16,-13.53950592666784,28.28748276846278,-8.953770676062843,-46.151670779893365
2001-01-17,-14.264875663720032,29.395795566873584,-9.492521917373496,-45.86942390792444
2001-01-18,-12.815209472398191,30.27243972767224,-9.047362165546911,-47.063621785851424
2001-01-19,-13.31362702901107,30.676880249019366,-10.166139683508252,-46.95168211725553
2001-01-20,-13.57678683912085,31.121481038573588,-10.69174672641859,-47.66419192205646
2001-01-21,-13.688466862705692,30.693790341666205,-10.23518862312583,-49.06951369819483
2001-01-22,-13.967014397431702,31.101251408916767,-8.278879663347702,-50.549086435182424
2001-01-23,-12.274806092223338,31.089385042148095,-8.557591686683333,-49.01237942925458
2001-01-24,-10.322575473638981,31.232688241954843,-9.67044299666254,-48.49011002367606
2001-01-25,-7.483408761806954,32.387491168516256,-10.805008624059926,-48.91266537333773
2001-01-26,-7.055130280941075,31.631246590817984,-10.01140425504265,-51.21639375348067
2001-01-27,-6.740614050220118,31.34608493687122,-8.687931764470195,-51.53375988932331
2001-01-28,-7.26315865120189,31.310552999674133,-9.495475485508193,-52.798028101619025
2001-01-29,-8.061575586209143,31.879141617908708,-9.438938520494194,-53.48058638307904
2001-01-30,-8.370155231623285,31.841782771428495,-10.990012680758873,-53.026129406039125
2001-01-31,-8.049409124965898,31.549022706977546,-10.38479139670988,-53.94698269814614
2001-02-01,-9.192968486772065,32.093162570299214,-10.463660808221253,-54.73517886658534
2001-02-02,-10.077760461715132,30.773611890682886,-10.356430390406889,-54.29672856194742
2001-02-03,-11.484654059451733,32.63474411137734,-10.437817450939923,-53.098668328909696
2001-02-04,-13.36013129528456,32.399077582759816,-9.766932833671659,-53.47968392072764
2001-02-05,-12.508310163164113,33.561268972422084,-9.931784965495787,-53.119467761906314
2001-02-06,-11.874877309383177,34.997305371231,-7.7487599788914014,-54.93475617392387
2001-02-07,-12.095859675905931,34.69727513487477,-8.080231920062365,-54.0845412600061
2001-02-08,-12.603643903157455,33.98789285937564,-8.919799967008345,-54.82841265586487
2001-02-09,-12.40114535995104,33.75329658749215,-8.11213884659837,-55.54532874907733
2001-02-10,-11.728137046540473,31.03555973879282,-8.635126819370964,-54.81356366687702
2001-02-11,-10.704370171544955,31.74537018630366,-9.506868482591317,-53.98828363484337
2001-02-12,-11.634822515577982,30.107165466819882,-10.050235404396197,-55.37100874255637
2001-02-13,-10.049844822554858,30.396593721233565,-9.35298358798657,-54.59016033228765
2001-02-14,-10.244046935998227,30.474948792202323,-11.047630797612749,-54.99446618705831
2001-02-15,-10.533032921604171,29.065146373721003,-11.862731186394797,-55.40608491938673
2001-02-16,-11.445360446837945,29.93511782682479,-14.018574883766629,-54.94799995929631
2001-02-17,-13.710209857429414,29.328919561374477,-14.914837242170425,-56.2660721984113
2001-02-18,-11.866065963910462,29.10180356957534,-16.28787202633069,-57.814453663366024
2001-02-19,-12.376269496222134,30.79260587984492,-18.030448987911544,-57.15349007583247
2001-02-20,-13.216879874578968,30.78204222811352,-18.06665255628968,-55.43214096099097
2001-02-21,-13.627573413167823,29.041391763465054,-16.91428857667642,-53.662859819830366
2001-02-22,-14.060008895358726,28.942118924855663,-16.202290880722114,-53.38655730767794
2001-02-23,-13.395681721062232,29.154320176297134,-16.132456164797784,-54.30740671377439
2001-02-24,-14.760959963894317,29.965716023874457,-16.3095649485055,-54.64290060217828
2001-02-25,-13.83763857499727,30.76271871377052,-15.753106836574995,-56.29244874965198
2001-02-26,-14.36851644795334,31.740684567154954,-15.37598002783133,-56.37551129351087
2001-02-27,-15.177308442225325,31.49510644482967,-16.115591535398938,-57.732312895380424
2001-02-28,-14.29457672112933,31.492392020805504,-16.518854311465123,-59.664571837627946
2001-03-01,-14.067928321901327,32.36013619582811,-15.14001423793399,-59.822722957183835
2001-03-02,-13.921980346400904,32.16781249585522,-14.016194235461164,-58.886393009702665
2001-03-03,-14.691351575316846,31.10609589595157,-16.23099145013328,-59.509637617005325
2001-03-04,-13.736384100781233,32.75373889608627,-15.228982033974129,-59.88229151027886
2001-03-05,-13.934231399017117,31.81121375951677,-14.298378259017024,-59.309797579556154
2001-03-06,-16.580075790984253,30.595267576739467,-14.647026923550655,-58.40211332924255
2001-03-07,-15.640408565094221,30.074794971435715,-16.894807024437952,-58.69500804879406
2001-03-08,-16.725072463804683,29.185567192191105,-17.75280001048707,-58.832689299660046
2001-03-09,-17.10599350424528,28.23132272985275,-18.512654566859183,-57.98601891802835
2001-03-10,-15.833057770618204,27.672757858299395,-18.110137832980374,-56.537950017144304
2001-03-11,-16.19100248395943,28.031930370931114,-17.634145128312696,-56.62544091870951
2001-03-12,-15.770302551881542,28.099153364988045,-16.898510046770415,-55.975945856221564
2001-03-13,-16.333165841306737,26.63209474678817,-19.362603580135776,-56.68754974168271
2001-03-14,-16.87568995088356,26.04428294583563,-19.151219518367373,-57.08093728455488
2001-03-15,-16.16344614010082,24.497359688278596,-18.109450365745303,-57.24292569580289
2001-03-16,-17.30371876935518,24.329715451841512,-16.796764716020718,-59.13188927010746
2001-03-17,-16.693081301676298,24.158248817161972,-17.162298693153208,-59.86307231694116
2001-03-18,-15.563539339195676,24.667079506534957,-16.483744269880205,-57.91820333630027
2001-03-19,-15.476930442918228,24.707410851296213,-15.250611554497281,-58.39247014906103
2001-03-20,-17.289062673231328,26.17919427461333,-14.36605773167154,-55.834789008457776
2001-03-21,-16.763520093291962,26.13551313988904,-14.867718343676284,-54.76995499818671
2001-03-22,-17.366453865842466,26.834974514154823,-14.49591980859898,-55.5836545626639
2001-03-23,-17.32234872954929,27.264152577553002,-14.945740174842225,-54.97341320633647
2001-03-24,-16.341134398392125,27.18425721860862,-16.64337039511518,-54.12063994968276
2001-03-25,-17.946044170518746,28.548926514838875,-16.190288681969545,-55.52604192389616
2001-03-26,-17.399259053796406,28.481162390771434,-16.432021196735334,-56.766454124518354
2001-03-27,-17.706329533790903,29.186549524954017,-15.611941465934741,-57.828028862245716
2001-03-28,-17.50578306092234,29.927032808294683,-14.539471301885802,-59.169891774945306
2001-03-29,-18.899677116187718,28.965138058740223,-14.154004591363371,-60.486161649243904
2001-03-30,-19.554372172889636,28.609453016296317,-14.82407318322696,-59.78191422297554
2001-03-31,-19.395130803421107,27.211128953746744,-16.002734342411546,-60.170237674231444
2001-04-01,-18.753710662048604,27.148282608439665,-15.965537840466975,-61.714601068399666
2001-04-02,-17.36444813028113,25.496392161553743,-14.824650070683424,-61.93804151511498
2001-04-03,-16.25810854141792,26.344693220340904,-13.873759849358716,-62.04903836299523
2001-04-04,-16.33630282143738,26.593820790334632,-11.930264303739053,-63.27545191497868
2001-04-05,-16.42651587039105,27.719614308680974,-11.01914524836609,-63.438144544783526
2001-04-06,-15.636148649932073,27.438639765181858,-11.871696113917343,-61.4975876234987
2001-04-07,-15.098225968138797,27.44472443221536,-10.512916656598964,-61.64297476032748
2001-04-08,-14.15756308567386,28.967741241457684,-10.619866525750814,-60.84031995728553
2001-04-09,-15.352485801771287,28.892581719144317,-12.008352099629377,-60.456373944561385
2001-04-10,-13.38100999013399,29.424295251485287,-11.59026408046301,-58.80603207424512
2001-04-11,-12.151961185728554,29.7508675096685,-11.32868053587322,-60.62513357809223
2001-04-12,-13.788184985348328,29.671951046724143,-10.438134546821276,-61.92962929839282
2001-04-13,-13.175570644601281,30.21309127448382,-9.77218789952114,-62.086277929788515
2001-04-14,-13.933719498211964,29.852454129987795,-10.024086222174484,-61.57599711879532
2001-04-15,-13.919689748810203,30.07301855315519,-9.411177120773608,-60.9866660138969
2001-04-16,-14.201624029322646,30.43678818182329,-10.6953459235265,-64.06731714344511
2001-04-17,-14.751593777258835,31.402024740515138,-10.934105759745032,-64.1842723380027
2001-04-18,-15.444821970446625,33.504404687532734,-8.954251029820966,-64.88718439814521
2001-04-19,-15.428234323605036,31.14256135391959,-9.188970807036158,-64.70829872369666
2001-04-20,-15.886203337226325,32.37929276175609,-7.893057220983765,-63.44995819038683
2001-04-21,-16.0440662138385,32.11378701432604,-9.106208643148474,-64.36359968483796
2001-04-22,-16.62715674672395,32.72119974015346,-9.395115294912312,-63.40290318008266
2001-04-23,-16.135900149638253,33.15904306373175,-9.372781027525448,-63.71272264952222
2001-04-24,-15.678818873242006,32.14522409066733,-10.477748747047547,-63.671583455757826
2001-04-25,-15.419857031736035,31.986393657412773,-10.717144786510584,-64.07520767379154
2001-04-26,-15.045208052225085,32.7092728748245,-10.605106774222303,-62.563069094857475
2001-04-27,-14.505901579921376,32.01177312871513,-11.916684978493599,-64.67297824204506
2001-04-28,-13.696082943144349,31.086180905611055,-11.265269493378177,-64.30821133113709
2001-04-29,-14.575518286452057,29.30550126420909,-11.619637657212838,-64.99704293521869
2001-04-30,-15.964224417238453,29.93915587517572,-12.611530592402179,-63.97148355546049
2001-05-01,-15.3541760916535,31.424257936301505,-11.357520269931591,-63.88458876144046
2001-05-02,-17.603079551640413,30.93608627257478,-10.191601054492287,-62.35656468928374
2001-05-03,-16.393746467515278,29.438044292722577,-10.533230829607524,-61.222826596641795
2001-05-04,-15.048881537338957,30.811598594089073,-11.856241526539629,-61.055950474084455
2001-05-05,-14.736018118530744,31.17599535693475,-12.760516095628397,-61.04484149098186
2001-05-06,-16.350715622702815,32.4388284547593,-12.427780660344215,-60.88802370979572
2001-05-07,-16.407068783554386,31.677359335808042,-12.509379679268744,-59.73057326758747
2001-05-08,-16.638891976616687,31.27994557552797,-13.21319531277137,-60.428234309302844
2001-05-09,-16.25923334982578,31.37645054041895,-12.73409823081247,-59.16868798064485
2001-05-10,-16.527045015166735,30.694967966677986,-12.615129362037937,-57.20325895420183
2001-05-11,-16.049101678861682,28.051328736413904,-11.114727470141045,-56.70316265901176
2001-05-12,-15.703509083132241,28.374121283769632,-10.51074384104777,-56.51930685844085
2001-05-13,-15.240925615223063,27.849668515537672,-9.76117600654113,-56.6040773175443
2001-05-14,-15.25251275116812,26.785509672148244,-9.833319471451706,-55.95846551051366
2001-05-15,-16.0477380722738,27.663964593958365,-8.560062356461563,-56.35114404168486
2001-05-16,-14.242444112734917,27.87302407352013,-10.304681582540779,-55.22168265728526
2001-05-17,-14.93127583530153,27.48128602218004,-10.208552668257092,-54.429725092019886
2001-05-18,-15.151986123601645,27.20744869670199,-10.505420692418486,-53.67749389909278
2001-05-19,-13.945307468064952,27.018000658114453,-9.512807717195539,-52.17201654810933
2001-05-20,-13.492180845624324,26.589231370549687,-9.139509732742997,-50.684198078254724
2001-05-21,-13.603175743477067,25.07575909805462,-9.51145964729315,-52.578104390927344
2001-05-22,-14.44162900680864,25.987986111033702,-8.808862632164407,-54.16511501440424
2001-05-23,-14.863086493208344,26.053042116410417,-7.129558214732523,-52.71944952268538
2001-05-24,-13.586221120744202,26.446506793607348,-6.123412407211182,-51.86736700263452
2001-05-25,-13.026532908258982,28.31039393727434,-7.045692305015002,-50.97305930930421
2001-05-26,-13.59241870104399,28.52169709854617,-5.7663302214621845,-50.818493160700406
2001-05-27,-12.185879667205992,28.77731064110373,-6.010753394997183,-48.86396068465064
2001-05-28,-9.923922082225499,28.698009193044353,-6.406840071396165,-49.22522879372501
2001-05-29,-11.667842930155341,28.851728908979474,-6.486946021295805,-48.07149497829889
2001-05-30,-11.66377387579579,30.058040700550247,-4.80815446119103,-47.44832854808081
2001-05-31,-11.064487180716839,28.982067747892764,-6.657585454683582,-47.66714789928624
2001-06-01,-12.281828282938658,29.816831570608887,-7.78530447356785,-48.02411140387483
2001-06-02,-13.49523447509248,32.24050298480773,-8.182226966584446,-48.95237559960752
2001-06-03,-13.218068972749306,32.09143030578091,-8.781147233127802,-49.845696970661045
2001-06-04,-12.923071649903752,33.526477912083664,-9.605217161406625,-48.984573419045304
2001-06-05,-13.117075650449742,34.18455274203264,-8.325798674851125,-47.45029462715314
2001-06-06,-13.400211835772586,34.21004946033783,-8.668953432554044,-46.82190142906232
2001-06-07,-12.242680138296627,34.74678897142278,-7.271790585015246,-45.00182774026871
2001-06-08,-12.384873797657788,33.56209839645912,-7.0253508514984375,-45.528681616464326
2001-06-09,-13.429755303547596,31.092789812592237,-7.56415079203274,-45.38547933227535
2001-06-10,-13.304868696234845,30.379501168514143,-7.840353168838504,-45.63387416479377
2001-06-11,-13.358053104283925,29.558866289238765,-6.238064397219199,-45.210801644421245
2001-06-12,-13.506588382058931,29.460338854683386,-5.8163987605109835,-46.18154670720575
2001-06-13,-13.415140239995985,29.163795290174523,-5.515629117388836,-45.22813471588435
2001-06-14,-13.083195174330125,30.000217280814017,-5.391028028926526,-44.87477930007502
2001-06-15,-14.232503259259781,30.73998591468252,-6.319720153552804,-44.745504202446284
2001-06-16,-14.891270923675915,29.818434170950855,-6.441629046417193,-45.33337231294919
2001-06-17,-13.991846630988313,32.51864550746064,-7.2335916680586285,-45.687663198204035
2001-06-18,-14.791671371184513,30.522461595576882,-6.944266586798119,-46.6645882684462
2001-06-19,-15.762772418154633,30.062532102635256,-7.511472148104141,-47.120359011100724
2001-06-20,-16.02849684114681,29.13357188597137,-8.381686371276157,-46.64218804456686
2001-06-21,-14.779916054951517,27.955552437279557,-7.946185239391743,-44.658948112969185
2001-06-22,-15.067758151479854,28.27853035584191,-8.626146863288048,-45.53587976829842
2001-06-23,-14.640772246640433,25.63194754391765,-8.438975291004814,-45.765092051282835
2001-06-24,-15.056996043316133,24.1043107044684,-8.427529283478528,-45.873040948084906
2001-06-25,-13.664017739969852,23.84716135216325,-7.752324004453631,-46.87143077433393
2001-06-26,-14.651498913444922,23.747334815672513,-7.176637953208549,-45.580867742119395
2001-06-27,-12.470611552929684,23.214540542529143,-4.800068819842016,-45.872428452632306
2001-06-28,-12.178024088772823,23.442273884822917,-6.696183482587517,-47.17715752683892
2001-06-29,-12.342341479214332,24.707120263270117,-7.56388821627133,-46.429310320833586
2001-06-30,-15.065544727605623,25.874874793553744,-7.292679339212661,-45.83581428501283
2001-07-01,-15.214859182647244,25.885835662050408,-5.823397264855748,-47.0136581155652
2001-07-02,-15.77857435027332,25.859214025777597,-5.675331757677776,-47.446553058185025
2001-07-03,-14.70491393407615,26.795351353901914,-6.070227664746794,-46.40262428286164
2001-07-04,-15.509038163236124,24.517007996115783,-7.399518673795015,-44.870396931369235
2001-07-05,-15.128761099149253,25.263091102291437,-7.509545925575374,-46.46426774273952
2001-07-06,-15.754666092171668,24.9935058542141,-8.237277204866038,-46.056440479513896
2001-07-07,-16.417267734875523,25.26290416407589,-8.445549065788201,-44.61339998509053
2001-07-08,-17.03387472336478,25.032091898535153,-7.089059145407543,-45.78185641144835
2001-07-09,-15.321939197777201,25.97026190202368,-8.039966000198035,-46.46857428423649
2001-07-10,-14.879596137103986,25.674812349482522,-6.226860906615559,-45.74645921755343
2001-07-11,-16.368190448390365,22.06410542373089,-8.66583094624331,-44.80198112785348
2001-07-12,-16.22400473467082,21.911573942835336,-8.617948977704765,-45.13810366699593
2001-07-13,-14.551915607679666,21.19713927507153,-8.590392836488798,-46.12259976201008
2001-07-14,-14.715078446949269,20.959404895168127,-7.6304619805106215,-45.512241194073354
2001-07-15,-13.892922640808896,19.74800669617847,-7.095658875024177,-45.4603869134518
2001-07-16,-12.582860021419355,17.854536175855745,-6.567219362418461,-45.8048572833677
2001-07-17,-14.206668501968423,17.97147490622367,-6.402229180173931,-46.082019865074415
2001-07-18,-13.973831319484365,17.871806616348668,-5.501917251373474,-46.52852251829023
2001-07-19,-13.515352569757738,18.561505398141612,-4.343323288600074,-46.835651854563345
2001-07-20,-14.191198203678484,18.009159580268467,-5.917648306408854,-45.42670736670433
2001-07-21,-13.485836268316893,18.564072562657763,-6.202343242299552,-45.89874666080458
2001-07-22,-11.772126686152127,20.265188570574857,-8.067260372223396,-45.27884907889928
2001-07-23,-12.196305924317564,18.769411734812724,-7.484951806010965,-45.26339393609662
2001-07-24,-11.410881675007502,19.848510351527853,-9.770934622704537,-44.30976697402142
2001-07-25,-9.899424632286324,20.63059307418118,-9.98553927754576,-42.630246958408975
2001-07-26,-8.818311411808752,21.168458999931836,-9.821535966971075,-43.92123362518849
2001-07-27,-10.063349642628697,22.16242093877208,-11.591620549063256,-43.27950927257829
2001-07-28,-11.275494541995682,20.674304253468968,-11.2849252653526,-43.2509744289657
2001-07-29,-13.089671512351934,21.779529747264323,-9.994932342615895,-43.648137419509325
2001-07-30,-11.588839944762972,20.883226717300413,-11.539244720541205,-44.38075682661157
2001-07-31,-12.137598657337518,20.13383883890039,-12.854203118721163,-43.57439508872761
2001-08-01,-10.393393472629517,20.124139151817023,-13.42807012925001,-42.96815271229194
2001-08-02,-8.298691390345155,19.46940741464426,-13.682328315281167,-41.956292156051376
2001-08-03,-8.220378306447602,18.25710126865832,-14.751807287200212,-42.56352738087732
2001-08-04,-7.651466618164433,18.015484852065445,-13.376922778919674,-43.0626217132024
2001-08-05,-8.57390335867684,18.673184945874834,-11.935947600337487,-43.03677652394446
2001-08-06,-8.020668834400428,17.289300349839433,-12.136107813268312,-41.84494806260528
2001-08-07,-8.704830267997979,17.566731274763857,-12.192775415337149,-40.54789373872422
2001-08-08,-7.886140729157768,17.849562417263353,-11.247368096809069,-40.29519228743148
2001-08-09,-7.834384391676306,17.332776925990835,-11.6345588199033,-40.606021306471376
2001-08-10,-7.417944604831176,17.180723749553415,-12.430841220462714,-39.91044183952153
2001-08-11,-5.81452144419496,17.928547646648987,-12.055663140805375,-40.195548760826085
2001-08-12,-6.860878693092735,17.892874656203944,-12.067183539432838,-42.02781251144789
2001-08-13,-8.25743299864807,18.564769589118413,-13.572310537111802,-42.87419205153168
2001-08-14,-8.410066750941237,18.976108853564575,-14.50840217429478,-41.043329167660474
2001-08-15,-9.237190301679851,19.64143692730969,-14.633132023531964,-40.65659236381804
2001-08-16,-8.770126765450255,18.65385214504505,-15.038532035972622,-41.119283546404716
2001-08-17,-10.512906786454153,19.249720528432267,-15.439074542293916,-41.66970863935887
2001-08-18,-10.303644523972348,17.882137866383086,-14.773046882393515,-42.403277404866714
2001-08-19,-10.392516687659601,18.864567236560408,-14.078801445652628,-42.310454234012894
2001-08-20,-9.039788230858838,18.72566178742187,-13.627202631604293,-42.97357638222889
2001-08-21,-8.964625232712482,19.573760049822344,-12.175475138195974,-44.87242442949933
2001-08-22,-10.147905575528357,20.46132171673502,-12.256335870041315,-45.52608855728139
2001-08-23,-9.788802556952527,20.988271261439312,-12.75847785273531,-45.282727312057276
2001-08-24,-8.713100557883248,21.002602372334685,-14.212854514941707,-45.088218402522074
2001-08-25,-8.361365442801972,21.591462481844488,-12.219952918851455,-43.439469983077586
2001-08-26,-8.507233228988337,19.952018672672974,-11.705997099017083,-45.64691824351233
2001-08-27,-8.635576210169669,19.204055451770472,-10.862468758066228,-45.54488191383438
2001-08-28,-7.802105607777192,20.424287741557112,-10.724773913499169,-46.92308472458963
2001-08-29,-7.37075583399568,19.52748846889756,-10.566516203690744,-46.420850252875226
2001-08-30,-7.033277728627621,19.15837759328573,-11.571315542208012,-45.02136758406551
2001-08-31,-6.413858047905627,20.467665358158563,-13.42007639740188,-45.30752035902085
2001-09-01,-5.908856064091483,19.78740616468087,-12.327488427563981,-43.87666219219019
2001-09-02,-6.1255391548151445,19.846276766857457,-12.529378597595164,-43.30518270770408
2001-09-03,-5.913501836234892,20.14731016807696,-11.256373317139184,-43.572612617537644
2001-09-04,-5.000991383124467,19.840418234505798,-11.050793561282656,-44.12534934325304
2001-09-05,-4.599915169103131,19.878322401607242,-11.62635549902892,-44.36005285037312
2001-09-06,-4.882868270762092,19.938760328357613,-11.731931923610297,-43.97392830430456
2001-09-07,-4.50601787896718,19.894847283600207,-11.611913266809445,-42.74166944952425
2001-09-08,-3.771337246874662,20.033307613497847,-10.376197648172905,-42.00898365798506
2001-09-09,-3.9223083698994046,20.699703177863068,-10.584502507784332,-41.712350860517894
2001-09-10,-3.733713689998112,21.02944569535367,-10.24124701344527,-42.402240943112155
2001-09-11,-2.425472200481841,20.36023890444316,-11.168789573643693,-43.229647354260614
2001-09-12,-3.035184306173493,19.22554514347561,-9.906596966843768,-40.95928801970018
2001-09-13,-3.0401330292466087,18.880407153066116,-10.46516569984176,-41.71366777399436
2001-09-14,-0.6362663950038976,20.41312521150676,-10.82087492421612,-41.33297299118996
2001-09-15,-1.1029372633747458,19.66904736971188,-9.272508019666569,-42.306170108698346
2001-09-16,-1.666076416448821,18.769765757509365,-10.994811940870642,-41.974403680634005
2001-09-17,-1.7277429874003656,19.012498629606792,-11.86842882309603,-42.16129881823868
2001-09-18,-1.1771016999458885,18.61719087630419,-11.979499226870816,-42.42579971598077
2001-09-19,-1.3166154189650021,19.09548479152943,-11.646683369320268,-42.547609977851735
2001-09-20,-1.8142382707787525,18.00216717953987,-13.142871521749695,-41.24877557701144
2001-09-21,-0.8811841887751422,17.767370616746195,-13.652249123900557,-41.97050686492126
2001-09-22,-0.28806264674355686,17.13441012374391,-13.248093553692835,-43.29054308331081
2001-09-23,1.3733632674577696,16.578255678358754,-12.550082547159647,-43.58405696244082
2001-09-24,2.353390512910835,16.50321091959876,-11.455937313859378,-44.83034489394531
2001-09-25,2.1865575499467496,17.627714198889294,-11.247405793151312,-45.802929734874525
2001-09-26,1.3439290939336836,18.180629032034137,-9.23943817759994,-46.03825309040426
2001-09-27,2.0598242395008746,17.851923893040407,-7.958087489817211,-45.1738578392106
2001-09-28,2.5865701506575496,16.76985574746022,-7.555630641462383,-44.670870925770934
2001-09-29,1.5499991646227222,15.155398838576653,-6.989895592719581,-44.21855854373362
2001-09-30,0.12597701631727087,14.260086747876729,-7.446928103231479,-44.5519017512406
2001-10-01,-0.5133593204419863,13.071356201029268,-6.94163487519844,-44.68103642132749
2001-10-02,-0.4148225178828295,13.271254270061425,-6.782302191006392,-44.27818309507851
2001-10-03,0.5913126047362793,12.629577159447232,-6.612741494515309,-44.084462851380174
2001-10-04,1.4195303701454698,13.852857420673756,-8.038184690756877,-44.02440440043186
2001-10-05,1.502862259023694,15.246480178953593,-8.006340321823494,-44.998804699723
2001-10-06,-0.7445976820499096,15.090352919638033,-8.673988277320948,-45.57913798696826
2001-10-07,-0.5755612223052141,14.860139121398054,-9.80343794935911,-46.086419847260366
2001-10-08,0.057611226831397966,12.880824490198917,-9.046612570259851,-46.862536817570565
2001-10-09,1.4232650066791919,12.248699547758775,-9.239792683042669,-47.228907231519514
2001-10-10,0.8720350165902908,11.280052097489275,-9.024094810207293,-46.97389078594343
2001-10-11,0.34942446322411613,11.063400678214833,-9.25747985238413,-45.82225748411789
2001-10-12,-1.0698528709929527,11.267198671272977,-10.429452003520673,-45.5338717705494
2001-10-13,-1.4989775266163436,10.976013603986521,-9.200709759176213,-48.10075761364962
2001-10-14,-2.620973357945163,11.51117605669638,-9.593895923512179,-46.50269183284322
2001-10-15,-3.6974527990165864,10.078345333034843,-9.38684788145752,-46.9647193251301
2001-10-16,-3.4496188627474966,9.973954801961485,-8.631645449374538,-48.18457328049844
2001-10-17,-3.247377227615804,10.208111347387055,-8.069935026968633,-47.190474286374794
2001-10-18,-4.54641107907531,10.935598591044151,-7.8570287922933275,-46.58736876481197
2001-10-19,-4.247321298628442,10.515475527373189,-7.270684148437631,-47.19986662349941
2001-10-20,-4.79808397236067,11.349548820665916,-7.136878990755981,-46.446865974391066
2001-10-21,-3.41946964489682,10.842007996683964,-6.930614085509563,-46.88883328420696
2001-10-22,-3.1718738514411893,11.022571121919468,-8.947606016011472,-45.96850703132386
2001-10-23,-1.9411156354590966,10.126634010234026,-9.848923078678366,-44.833177698108244
2001-10-24,-1.9070198223406258,10.796844610703596,-9.219357304268625,-43.63459686993934
2001-10-25,-3.391387223260616,11.168793440024746,-10.32566337958518,-45.014085035464916
2001-10-26,-2.856395948477136,9.961976707860382,-9.315484211903692,-43.852565007605136
2001-10-27,-2.5278945769581687,10.455933179619361,-10.626762065357454,-44.90901675253708
2001-10-28,-3.524607196686661,10.504679838318292,-11.231280368128749,-46.10182221547285
2001-10-29,-2.845721526986434,9.636587669354908,-10.003965084210696,-46.40738871604272
2001-10-30,-3.218160740878765,10.459258380263979,-10.637787640141795,-45.436604071423396
2001-10-31,-5.316163416332276,11.02324447081163,-10.795662152855314,-43.415193831802526
2001-11-01,-5.159477640688232,10.632671915402303,-10.836605979145501,-44.564362261089904
2001-11-02,-5.936104455493479,13.493326921440447,-10.874879439897832,-43.59920129652904
2001-11-03,-5.399644897256618,11.724954490272324,-12.864867751322942,-43.68572201286139
2001-11-04,-5.739073522886681,10.534744211253278,-11.288047878830964,-43.53283044070467
2001-11-05,-5.977551870918979,9.175530332945504,-11.560423897376486,-44.145652467007686
2001-11-06,-6.910917350627007,8.685337497713919,-9.4927406162746,-43.694206019030275
2001-11-07,-6.1627160967937655,7.095364148778488,-9.95039275512655,-42.424609524389055
2001-11-08,-5.2172637907328365,6.7637226558922565,-9.287306277253887,-44.1158901697072
2001-11-09,-6.019150497303475,6.5637344484110915,-9.271808642063746,-44.04868011464539
2001-11-10,-4.756004678142357,5.998651118994604,-9.452200080972187,-41.374589356122016
2001-11-11,-5.274813540986,6.360573490723457,-9.982345815388332,-40.12662542024923
2001-11-12,-4.565255016116042,6.76079649826297,-10.691471480326934,-40.00544109243031
2001-11-13,-5.977328014479873,4.890965327977943,-11.360539000445307,-39.97413454707508
2001-11-14,-5.031547531806952,5.73529935023473,-11.179018331492365,-39.46178810643211
2001-11-15,-5.150968320826351,5.2807535891847,-11.686604418416803,-39.75564125453052
2001-11-16,-6.216717961028273,5.058333881333871,-11.83817722525203,-39.98874872531723
2001-11-17,-7.533451581142881,5.302699646910543,-12.803200528605695,-42.38135164782076
2001-11-18,-8.383634962015343,3.640261988023862,-12.326447162799623,-42.53250033889283
2001-11-19,-10.172447746086405,4.195531069423673,-12.802329977828848,-43.329335480281195
2001-11-20,-10.613506166376196,4.639340049162695,-12.522208175713022,-43.09485730230183
2001-11-21,-9.964707994081445,4.75680642194987,-11.761030242060599,-42.32131671216249
2001-11-22,-13.440053699871607,6.049621884359826,-12.703331599688752,-41.1248396410831
2001-11-23,-14.980875139416638,7.149811464659963,-11.87766202204882,-41.56986848499344
2001-11-24,-13.859777442183743,6.851283861130183,-12.366641400937771,-40.78202944716427
2001-11-25,-11.94705236943997,7.576621968985373,-13.707489244060344,-40.853646151440536
2001-11-26,-11.35391688600434,6.020977356248163,-12.534976856158607,-42.343576572874326
2001-11-27,-12.445423098396148,5.432552084914626,-11.03322741550511,-41.35071609114613
2001-11-28,-11.207754897849666,3.295693197682612,-12.036540277793312,-40.46814400109879
2001-11-29,-11.924420433909708,3.307767276538003,-11.162131214488618,-41.959920800149206
2001-11-30,-11.312664549072254,5.14187587919616,-10.195587974363999,-40.45180164987941
2001-12-01,-10.191103741410718,4.99689448304487,-10.448982836327898,-40.43488334558606
2001-12-02,-10.500294523310068,4.287889339686177,-10.442533022369657,-40.695609008501776
2001-12-03,-9.332187300395347,4.300997804774117,-9.942877574611773,-42.30177842235125
2001-12-04,-9.325948520625337,4.7474306555107155,-9.513983072944098,-41.72020504431443
2001-12-05,-7.602335621666569,6.154018678920896,-9.240454950383793,-42.59712118108509
2001-12-06,-6.963753222568604,6.790994295142951,-8.964748418349323,-43.78521039272095
2001-12-07,-7.418745538383831,6.334268568164686,-9.289393403837833,-43.94048788324241
2001-12-08,-6.387507668542843,8.192309981829148,-9.395126495268048,-43.84273122794684
2001-12-09,-6.064248068362284,7.493407121556855,-9.600515537044243,-43.349283884333126
2001-12-10,-6.077725187541507,8.839574222998596,-9.775615877093482,-42.60975922912469
2001-12-11,-6.614954558026839,9.509986374372527,-8.566886146857488,-43.453682559125326
2001-12-12,-5.2760297988956495,10.460004119418358,-6.999937196593539,-42.83641046348821
2001-12-13,-4.893899450749638,8.346549534059566,-5.108817580896413,-42.33669259939178
2001-12-14,-4.608579675457968,8.075825607950113,-5.2900174467725725,-41.557486562623986
2001-12-15,-4.2024562372675325,7.802129858977713,-5.025154332712811,-42.19928382058825
2001-12-16,-2.556093951728408,7.819156483961267,-7.5287007434552855,-39.6513815373221
2001-12-17,-1.3287777944560804,7.350861049573225,-8.880630116062123,-39.39353139715808
2001-12-18,-2.0858229148963887,7.852992418229826,-8.93703264587711,-38.754718960666494
2001-12-19,-1.6486612417526276,7.909527054962956,-9.596559547760235,-39.397416338618456
2001-12-20,-1.8090151772780305,7.856769315871589,-9.940238669564566,-40.84187439981965
2001-12-21,-1.162804533704487,9.430317370505499,-9.409679947606172,-39.31455019908974
2001-12-22,-2.7673553377636226,9.764681144407625,-8.441849877125135,-39.47634663521718
2001-12-23,-3.556504644643565,7.538722145633535,-9.978450336417493,-40.7434347112431
2001-12-24,-4.547302899529217,8.487669604692567,-9.64759165881601,-42.32525983212248
2001-12-25,-5.719062614760296,8.917771950589767,-8.288112310096393,-42.68927193635015
2001-12-26,-5.082854134915212,7.49447747564699,-6.551954908390465,-41.846596109887514
2001-12-27,-4.165546207116219,7.27628646684656,-5.35346243061151,-43.192003551881896
2001-12-28,-5.626103581339578,7.802955713702475,-5.219822440825472,-43.81714573232625
2001-12-29,-4.586331962296806,8.400889061515715,-3.8275405718561966,-44.045563494816115
2001-12-30,-4.774519752408004,9.562581107220703,-3.2610974099452514,-44.82269434542453
2001-12-31,-4.93560194367612,10.830365379329187,-2.749843888088454,-46.81947450358999
2002-01-01,-5.993185561760983,10.989803741021852,-3.4649878504492055,-47.0219297882696
2002-01-02,-6.808642735792361,10.626834634894847,-4.117791891963662,-45.97603261703511
2002-01-03,-4.248353105883722,8.312442344021145,-4.743460664946403,-45.92640546113558
2002-01-04,-4.475136555750984,7.662030390339725,-5.9484047766362025,-45.33513123866191
2002-01-05,-4.071473377036184,6.299308165299278,-5.760911511591774,-45.871184635318166
2002-01-06,-5.363334983481422,5.748485363387177,-6.010608962899266,-46.403039398690474
2002-01-07,-3.416935899278405,8.686963104488035,-8.350134140569352,-45.88765001978111
2002-01-08,-1.3052908473507525,8.268756706791567,-9.93391593694934,-45.28816092746578
2002-01-09,-1.554436174334063,8.328661309485968,-10.12168394981256,-45.30917355963987
2002-01-10,-1.1222591508035111,9.756980420568334,-11.17278796150331,-44.50579815907936
2002-01-11,-0.5157749078178978,10.099686255019362,-11.085933509591216,-44.36335200178278
2002-01-12,-0.8604931310393777,10.806032791503585,-10.658460134453113,-42.29596062954241
2002-01-13,-0.11015563122883953,11.486182793081806,-10.246104576213522,-43.71063974517746
2002-01-14,-0.5097132826792714,9.814222185553282,-9.61409939434422,-43.525838489683565
2002-01-15,1.432525166493786,8.335155359803053,-10.22798063542498,-44.93476574767349
2002-01-16,-0.264268485905061,9.144049314318172,-10.662944378233329,-44.214652888245844
2002-01-17,1.2689210440384475,8.908231377265732,-9.216877149532435,-44.00076377420627
2002-01-18,-1.0448995916479624,9.45235109560342,-9.141140431795757,-44.568699360264034
2002-01-19,-1.0783083700613614,8.540931635527405,-8.143396086389389,-44.38660828154107
2002-01-20,-2.626571406407721,8.683696449006021,-7.0270272596274825,-47.56279170004078
2002-01-21,-3.3387948431080634,8.756353859438375,-8.035176522571966,-47.499763882666414
2002-01-22,-4.069645538271737,9.669111891220759,-9.3082098285729,-46.64591824176065
2002-01-23,-1.4944871082341344,10.314792839628472,-8.973764284399328,-47.463678094021766
2002-01-24,0.48648969170630285,9.640823364206884,-9.52594955711746,-46.71892118780491
2002-01-25,0.6271323215914109,9.209475555788112,-9.359415541891794,-47.18915986038557
2002-01-26,2.0029638564734444,8.890250408250962,-7.88313376357604,-46.89788853481144
2002-01-27,1.4393724137029276,9.52734455750981,-8.076859130337768,-46.81751033477328
2002-01-28,0.41501266259507186,8.513307126689531,-8.54720149987608,-47.83533293460383
2002-01-29,1.7110984373718503,10.054978985116426,-7.88809137779763,-45.59929547623262
2002-01-30,2.3881025503289415,8.869867189904408,-7.754697773685708,-44.88013198024012
2002-01-31,0.5613555123872263,8.572886777594476,-7.847963598991968,-42.76003879736314
2002-02-01,1.906681694730094,8.926233936057969,-7.258093056318075,-43.59879734039355
2002-02-02,2.2083296754414503,9.503544673021079,-6.639205049853684,-42.558977453429705
2002-02-03,0.8552572311469389,8.762498242060405,-5.684128613357763,-42.07876838963446
2002-02-04,0.3581168729442916,9.364828539093352,-3.8064108635620544,-41.79617636512971
2002-02-05,0.9868013506395922,9.354339524318638,-3.6614153795400477,-42.93019533558256
2002-02-06,1.6280708262158519,9.580087256664921,-2.2101895920414876,-42.16571384557489
2002-02-07,2.1472696322408535,9.377311376281902,-2.6343372300481422,-43.44076214399508
2002-02-08,1.4837877153414794,10.789620691698918,-2.836570139630427,-42.82123428426999
2002-02-09,3.196512447769998,9.524908081043794,-2.1731804247083497,-40.9821364392453
2002-02-10,2.1898672540431665,8.94096081514304,-4.479138647467673,-40.935292457560124
2002-02-11,4.123057016070366,8.390066864059833,-4.735702836960247,-40.82539369156252
2002-02-12,3.7338753986586393,7.883268195018746,-4.704703773807127,-39.496293516696724
2002-02-13,5.172799543848019,7.651811537708738,-6.809310754358963,-40.68598719628077
2002-02-14,4.889906151794323,6.275688479418686,-6.173930232335084,-41.34818016047022
2002-02-15,5.420518212494513,5.872924038524582,-5.6773651884187935,-40.21849133326372
2002-02-16,5.557606919350257,5.745149314777142,-5.10429401033264,-40.06561640491301
2002-02-17,6.631295552975305,4.495973642993198,-5.844145371115112,-40.11002037926404
2002-02-18,7.435515107405694,5.192954847593886,-5.7733562563203735,-40.39407233505403
2002-02-19,7.306786491744354,5.131471548615409,-7.633319400229414,-40.174439215129
2002-02-20,7.235743614267676,5.5794980578911595,-8.978363277503732,-42.45546792059807
2002-02-21,7.2927421397082925,4.29873694442926,-7.736567684661123,-43.979067174354995
2002-02-22,8.27903426078619,4.434019017772596,-8.609605475450214,-45.28100015496526
2002-02-23,9.118017461617567,3.962573712447647,-8.522981878167847,-46.104088303702554
2002-02-24,9.484883564122656,3.5060106458453046,-8.922519757540272,-47.1350351997875
2002-02-25,8.730610509735843,2.904188789656696,-9.265594290195297,-48.23745752586765
2002-02-26,8.820659109148353,3.5271109867297876,-9.41103740235024,-48.9851037219628
2002-02-27,7.690240830560627,3.0990236367518778,-8.80227917630334,-47.63610161734322
2002-02-28,7.796834996774024,1.1154467230466787,-9.097800563671948,-49.481924273106124
2002-03-01,6.731543026094553,0.8367215786190647,-9.365754151030034,-49.301169648557114
2002-03-02,6.872750102731398,-1.2599811446809424,-9.132326860226694,-48.507657092717494
2002-03-03,7.0914544299931075,-0.5853127298151064,-8.768590790839122,-49.44325539166676
2002-03-04,5.746606336988214,-0.7564438103808149,-8.87771370801285,-49.13360847328782
2002-03-05,4.770783465203799,-0.4456057651696867,-10.83908504776835,-48.34334411002547
2002-03-06,4.841190865064776,-0.6826150322649164,-11.951017949620278,-48.15837934410533
2002-03-07,3.8068989684938987,-0.9004668124847304,-11.630877303705343,-49.09912260402747
2002-03-08,5.280056538597234,-1.7851528916732866,-13.433463166107835,-50.86240977792341
2002-03-09,5.433014806838478,-2.306107460137579,-13.18795240737745,-53.116546797669365
2002-03-10,5.1268268551869305,-2.445696292773546,-15.026391181531604,-54.50376178811517
2002-03-11,3.978431956984228,-1.0178939017117612,-14.270316628218058,-53.34621416741628
2002-03-12,3.655924807479028,-2.2629025568765093,-14.68399301164632,-53.113711886553325
2002-03-13,4.046467210734567,-1.8657687291224503,-14.141830935109505,-53.984274858744826
2002-03-14,3.827641635398595,-1.642565011062135,-15.592251380546031,-52.47284823269105
2002-03-15,2.8127759436391724,-0.869276918097541,-16.20870226344798,-53.68274589178018
2002-03-16,2.457385880503683,0.012268291859638514,-15.81920611201137,-54.27968446024736
2002-03-17,3.1481452862877535,0.7025792528966729,-18.047716334795457,-54.368716146154206
2002-03-18,1.327152443825663,1.2742510792089337,-18.119683011519186,-56.063358534332174
2002-03-19,2.2912494589430814,1.5884892942715734,-18.63230241892942,-55.69866316693533
2002-03-20,2.1061653937988782,0.982557259411252,-18.082363390412457,-55.16052706389522
2002-03-21,4.500132444133058,-0.6205561908615279,-17.614280846958568,-53.87933319461529
2002-03-22,3.5580432400598134,-1.5602721443261145,-16.6809215457363,-53.85309225805541
2002-03-23,3.27370288374113,-3.002588068565161,-17.595088572935712,-55.246711841647546
2002-03-24,1.9809140237594387,-2.8414920828549906,-18.431695375403724,-55.226998739168444
2002-03-25,1.131204700775141,-1.7452134409637383,-18.495550337207092,-56.45589828543387
2002-03-26,0.8514675440994666,-4.080616225893979,-16.920043911101985,-57.606045386265784
2002-03-27,0.7208220564918693,-2.5286116695337655,-17.364628329070424,-57.22351366879589
2002-03-28,0.6596137576545941,-3.0312625065774865,-19.368043745004485,-57.22168626679182
2002-03-29,0.6093328805380308,-3.1029330788049867,-19.331498031681488,-58.3680380055054
2002-03-30,-1.2829375401192769,-4.067148270252212,-17.28945868646786,-58.3931768668592
2002-03-31,-1.835849501776515,-3.7745535929964804,-18.610359753113773,-58.12705466471761
2002-04-01,-1.9977380311061448,-2.6995011128094846,-21.204052060729992,-58.66699208070167
2002-04-02,-2.0010096364721814,-3.1876976561349424,-21.476559203838118,-57.076785811379985
2002-04-03,-0.2249920216948671,-2.517368751975587,-22.918024623966055,-56.562584166588
2002-04-04,0.1595221326546401,-3.617999968583639,-21.280957926342325,-56.36057015613236
2002-04-05,-0.5319679976394986,-2.672560121326709,-19.905358560169145,-55.714795393289236
2002-04-06,1.3727736901819396,-2.2804954621469995,-19.769337765223337,-55.37706669841975
2002-04-07,2.2598977094818196,-3.7035179947613606,-20.182888395484785,-55.51182065962648
2002-04-08,1.3312355444774826,-1.26856046672544,-19.401014196091403,-54.27052976554431
2002-04-09,2.9200384133464867,-1.747294359021075,-19.838747004023585,-55.064618551947525
2002-04-10,2.4144064311910203,-2.2089033627572463,-20.161891427999365,-54.20670699328065
2002-04-11,3.514621743730844,-1.2390959410260733,-21.13115664685261,-53.922935529635794
2002-04-12,3.1798013183709206,-1.8173312316685168,-21.82958162717526,-53.98059530566705
2002-04-13,3.2066921802187074,-0.794146906705671,-21.59402467062999,-54.03551819265193
2002-04-14,2.7261174676978217,-1.1057180763981067,-21.6025489046799,-51.96883326045209
2002-04-15,3.0443264618439727,-2.021079961218369,-20.422591865533935,-51.840509269268814
2002-04-16,0.5519854778853013,-0.9562209523208995,-20.17791969419054,-49.59724053625776
2002-04-17,0.5859177919962951,-0.163381922309508,-21.602366070385113,-48.07046069864094
2002-04-18,1.2099335709635457,-0.15665474027675463,-22.862181689744865,-46.439438666790856
2002-04-19,1.1433568210845038,2.0210779984898855,-23.228231831993163,-47.710461107443486
2002-04-20,1.3764951108439054,2.411356113605623,-24.550636438846283,-47.237776763681886
2002-04-21,1.3918142430615725,1.04417748803816,-24.437755623846588,-49.506392517352474
2002-04-22,0.011020255211952712,0.9522593341931194,-25.819657266983036,-46.80115453468824
2002-04-23,-0.15881071883922143,-0.23365783713793342,-25.903686979079623,-46.30006421746725
2002-04-24,0.3451117582091326,1.0820948490867686,-29.580932788711667,-45.67009438524653
2002-04-25,1.0176749085313577,0.7748061904891737,-28.988404336177695,-44.85639838312871
2002-04-26,2.6671012292356187,2.94888679270713,-29.556033496310736,-43.560343450247856
2002-04-27,2.728928367930808,1.955421956679447,-30.584594645681793,-44.104370935577116
2002-04-28,2.7812915376835297,2.8276212305659105,-30.302213348467536,-43.7618798054906
2002-04-29,3.154541057937498,4.559692574882386,-29.96705397432031,-41.80672868554588
2002-04-30,1.2684813173915168,4.100483225694058,-29.099733521253153,-39.90961826499175
2002-05-01,2.035473001217606,4.552174427056673,-28.895913167607876,-39.60898714383082
2002-05-02,0.8586553158011705,3.208238773749601,-28.2064959055534,-38.84582539513871
2002-05-03,1.3494420661536668,4.846100355406515,-27.358181929123297,-37.66834577151565
2002-05-04,0.8355962548960097,4.699051103621423,-26.299350371680625,-39.19486573227839
2002-05-05,0.4550335359434461,4.99831820433317,-26.204130939583987,-38.67212201977157
2002-05-06,0.6436609961119546,4.592287605104577,-26.58312470075552,-40.43345011479239
2002-05-07,1.6578142709428922,3.8926180214315833,-26.5400500615057,-39.24256053510319
2002-05-08,1.9467425104392926,2.8448439063809356,-27.347327182104365,-38.92774632106841
2002-05-09,1.0842818005908534,4.468398499835714,-26.474170364684063,-38.863496500598
2002-05-10,-1.0369566420588714,3.575931083315391,-26.191961884924027,-39.06581714105688
2002-05-11,-1.010432328707511,4.171358217531167,-26.319126563692745,-41.06581956794313
2002-05-12,-0.8488649819601689,2.8390308360282255,-24.621261443275483,-40.227964224832746
2002-05-13,1.1800963268341378,3.7087845056261544,-25.5317780699933,-39.30737813880523
2002-05-14,0.5525330479224524,3.991742222165151,-25.623511644933952,-37.34606307240121
2002-05-15,-0.7710931300022299,5.030620837954775,-25.596260118835595,-37.612393737945
2002-05-16,0.4891049852497149,5.540841747690981,-24.601104296789792,-37.92081651665737
2002-05-17,-0.5631890113063172,6.06431753725407,-23.107072289931086,-37.65223096141859
2002-05-18,-1.323595817649602,8.129390999086837,-24.204828688198194,-37.47621964339625
2002-05-19,-0.48239527422799744,7.481867235591771,-26.13005924879794,-38.37822290361181
2002-05-20,0.39495045050707256,8.098442192174561,-25.275928066184143,-38.7652588222918
2002-05-21,0.2940070253038747,9.005757278844314,-26.14801356056857,-38.26224969933737
2002-05-22,0.9918740804678833,8.951154021556427,-25.379892903515742,-38.91057878912324
2002-05-23,2.162243857819852,8.180284352147764,-24.937042797921507,-39.45838896764378
2002-05-24,3.1723136690858436,9.300143947599173,-25.60198373538576,-40.60298289267154
2002-05-25,2.599088303889273,9.11085157734999,-23.166683257220306,-40.537915743467465
2002-05-26,1.936682052839286,9.72718367963435,-22.943573531062768,-41.09420809599774
2002-05-27,1.2511645524881152,10.023897877336308,-25.299045611039972,-40.43027587550208
2002-05-28,3.152551049055891,9.849811239152753,-24.765573587390023,-40.98821529018031
2002-05-29,4.362576087671759,8.913037637920045,-24.823507066619626,-40.69899882021783
2002-05-30,5.2109375935591,8.344312557595195,-24.607463519932423,-41.728758757635504
2002-05-31,5.543371442811995,7.660703621650059,-25.30743091429336,-44.12995755531016
2002-06-01,3.8419155216098595,7.093015950695864,-25.171447540381834,-43.59005732433116
2002-06-02,5.023751257721324,5.689548268399262,-25.522828312049608,-43.774590883187955
2002-06-03,6.005502894181236,6.456909937229152,-25.87676982035249,-43.47774121874039
2002-06-04,5.546310932148349,6.096083841804333,-24.570819621957842,-44.37903647858647
2002-06-05,3.116317995141513,6.362806344927476,-24.916920761231285,-44.8102034890191
2002-06-06,3.4978776525877535,4.966012056646095,-24.166066537757136,-46.32402727029769
2002-06-07,3.611686906585437,5.720626385824199,-23.52763286438201,-46.55801573769141
2002-06-08,5.000698248437722,5.817647775746465,-24.45057734431021,-47.564055780162334
2002-06-09,3.5673632336452674,4.964730865031871,-23.81746329035549,-49.00700887716788
2002-06-10,5.0089017435508785,5.413913357536331,-25.78226799514115,-49.56870441932966
2002-06-11,4.234418250601653,4.815432902764795,-24.843312499893,-49.56783853856123
2002-06-12,5.002260172009205,5.232153297629654,-24.750380354224472,-49.84720539592176
2002-06-13,5.061967323756194,5.688493334581248,-26.652775075841653,-50.027628436115435
2002-06-14,4.416230473308821,5.488755257550179,-26.645645507957607,-50.299579958385316
2002-06-15,5.690006587213462,5.1601308288663095,-25.24486607805148,-50.959747330189835
2002-06-16,5.071909641894641,4.139761166294314,-25.524538904450303,-52.64798639791529
2002-06-17,4.607050579842602,5.092792569989276,-27.24183152573439,-53.14955890364573
2002-06-18,4.419966412942059,4.310262495590981,-25.795191242477756,-53.539745694532456
2002-06-19,4.993251427527554,4.293220851612884,-26.115689004753687,-53.145516605934546
2002-06-20,5.463136253657022,3.622472638437831,-26.66092690956541,-53.94346562319461
2002-06-21,5.30490076707716,3.2531083268860357,-25.89003534494739,-53.909810465531585
2002-06-22,5.805727391988726,4.665115043368738,-24.93393640442555,-55.421745019024875
2002-06-23,4.391336996275115,4.1412712020280535,-24.68708874679713,-55.356845692129234
2002-06-24,4.725569578221499,4.324341111076107,-24.202723570164327,-54.598161711168636
2002-06-25,5.200577019124133,3.439983648188357,-25.6185034448444,-54.703691712099754
2002-06-26,5.081511834695697,3.3783641792878747,-25.52303676783291,-54.054577088633536
2002-06-27,5.6017936320527255,3.063737660783244,-23.801700276650212,-54.15912419381537
2002-06-28,6.187184843799743,1.870136909270785,-22.401193879916487,-54.01140875629039
2002-06-29,5.066599436627526,3.6151424901306415,-21.581717764390586,-54.11009732377366
2002-06-30,5.556851745505397,2.6979486076347743,-20.149031836906254,-54.94170046909419
2002-07-01,5.271248990376586,1.8809994707318807,-19.972148756378946,-55.050588293832
2002-07-02,5.177391026961428,2.7756312623781865,-20.501435817292347,-55.09664366474552
2002-07-03,6.24566931142204,3.74131328606825,-18.3190485363289,-53.81189070821413
2002-07-04,7.125390691412029,3.149223727032905,-18.981400260335665,-53.14859489277592
2002-07-05,7.8350066950768,3.4993698918774294,-21.54932037092501,-52.72916818293856
2002-07-06,7.693710820771506,3.5686488167054096,-23.113068854990196,-53.53054612876475
2002-07-07,6.906636038027741,2.334478611222437,-24.290941565004754,-54.15729924417539
2002-07-08,7.592614275337359,-1.3861236144718707,-24.92185310135381,-51.940296020315955
2002-07-09,6.868294637850362,-2.0633258366127762,-24.28127607871444,-52.33273771351391
2002-07-10,8.010465377469778,-1.5135048992360978,-25.022573898969675,-51.958554920149325
2002-07-11,9.11963116486501,-0.8911687820904937,-25.671134342938117,-52.091408104090384
2002-07-12,9.663110679346355,-2.292558737451965,-26.86750810400926,-50.461263261823134
2002-07-13,9.89864854861298,-2.5632233591731555,-25.16925095686564,-50.437722701087424
2002-07-14,9.21220532066922,-1.344830996065722,-25.22114553442707,-50.68329422560775
2002-07-15,9.663409967809717,-2.162311417819018,-22.893305074836654,-49.913548566075136
2002-07-16,9.497769591193892,-3.0425069565377822,-24.6891521965476,-50.00199731030049
2002-07-17,8.61667274479683,-3.66052615123642,-25.529863046062832,-50.737359297648105
2002-07-18,8.576006332252751,-3.4693889184466356,-26.11672764043792,-51.295717548999086
2002-07-19,8.372815343804412,-3.932758667864702,-25.436933832560744,-52.428330335340384
2002-07-20,6.998285530135376,-4.092488832990053,-24.89840115625471,-53.154779025401886
2002-07-21,5.999615344979482,-4.397192122352102,-25.408563930663945,-53.375812462836166
2002-07-22,5.745428487737223,-3.06133751837321,-24.897447955972403,-52.676528803532534
2002-07-23,6.256138573486967,-5.314887644614057,-26.164636835922234,-54.33847671730162
2002-07-24,7.207751459634664,-6.740386772156802,-26.419700002521708,-54.170452377384045
2002-07-25,7.168139105721184,-5.177751462782626,-26.792401894976027,-54.19514777729491
2002-07-26,7.90712462520184,-4.7396001338719085,-25.565504899257668,-55.29209132480413
2002-07-27,6.954832658515027,-5.091246225605504,-25.22829094096786,-56.91525489631565
2002-07-28,7.325272127635451,-3.2921569365965015,-24.21638599325367,-57.81444041580113
2002-07-29,5.4297445380881815,-2.8535800643958935,-24.22800767482709,-58.043429657986216
2002-07-30,3.396692510784791,-3.6664239082110655,-25.17785262236162,-57.83187568412422
2002-07-31,3.9006313189800843,-2.9705133055434993,-25.808651338086385,-57.07490008899838
2002-08-01,5.278077892984397,-2.5303726583514212,-27.554748919313706,-57.55109941866577
2002-08-02,4.9115004956156705,-3.151361347663428,-27.00216951513475,-58.805226476763
2002-08-03,3.806065574351904,-3.301527031212542,-28.722772271994565,-60.716123390994106
2002-08-04,3.4473878367314854,-1.6623892666933775,-29.531642157296414,-60.35215317293625
2002-08-05,4.47111286959768,-1.7173911269950608,-29.685597737198794,-60.80933625062287
2002-08-06,3.8912738098306607,-2.8626615768769597,-31.042211608604863,-62.0607297449028
2002-08-07,5.503692761209158,-3.670742582807083,-30.829089261754625,-62.415915598862846
2002-08-08,4.243718912761781,-5.2034921562950185,-30.172405055910186,-62.05145679920585
2002-08-09,5.062673177259019,-5.797426100105437,-29.77123043805026,-60.666734766289466
2002-08-10,5.113401178207745,-5.653079860515677,-29.182626065170442,-62.40783271053431
2002-08-11,5.051295140740157,-5.400640760875758,-30.109514997546494,-62.89119164922985
2002-08-12,6.5736376524497935,-5.512070575071749,-30.01165134470653,-62.996327934407105
2002-08-13,6.429252407787553,-5.0847345839018825,-30.266298750969874,-63.0553902129913
2002-08-14,6.495708141624475,-4.863062233945643,-30.502269246477542,-62.27641940610287
2002-08-15,5.890362087703498,-3.513650792762662,-30.694858879405455,-62.88855403507769
2002-08-16,4.695224578344454,-3.122942989673941,-30.758855193488262,-63.59065904865369
2002-08-17,5.031948968381653,-4.356015808309028,-31.558954342927088,-63.10877605938358
2002-08-18,4.553745214506915,-4.661191081221891,-29.904751336762736,-62.65209235210325
2002-08-19,4.052459147565929,-2.8717304172159195,-29.172616201194984,-63.73739584933678
2002-08-20,5.5239014871903755,-3.562026187117727,-28.80248698102623,-64.03755729198701
2002-08-21,5.719918655602494,-3.3021520707998424,-28.76382850353947,-63.945543082928026
2002-08-22,5.965763222238051,-4.593478101196675,-27.11793386336725,-63.56576207880816
2002-08-23,5.447620346248106,-6.294625643331625,-25.73813406283194,-61.265289024304224
2002-08-24,3.934581537052855,-6.988544680774061,-24.838147864701764,-61.00832965800785
2002-08-25,2.653841630858334,-8.509243820143148,-24.367447904829152,-60.29906701139256
2002-08-26,2.1773257844454004,-8.227953033367568,-24.265432979108862,-60.158522042170404
2002-08-27,2.613613243570034,-8.505733463733083,-25.943091282003707,-59.486112886489856
2002-08-28,3.313691554103543,-7.038671773372121,-25.295996698593765,-59.26216613760194
2002-08-29,3.5652397206916184,-4.995502577634372,-26.125993258223524,-59.7381033166207
2002-08-30,3.0886325884256456,-4.9710700591738135,-25.875478432002563,-60.01053314547295
2002-08-31,3.7659376535753855,-4.84193092038177,-26.17092741704939,-60.58343176134337
2002-09-01,2.8277266004713706,-2.9650689546974522,-25.76049949499641,-60.435540031946495
2002-09-02,3.1727118672923407,-2.039852155431082,-25.463802565375847,-61.32507216146661
2002-09-03,2.8346201830463573,-0.8488144942539444,-26.419821972581044,-61.38540444708892
2002-09-04,6.1607231424300855,0.584193561608713,-26.53923226793835,-61.14659811491023
2002-09-05,7.61004052318322,2.1678144332386022,-27.271543444722514,-61.48833562038311
2002-09-06,9.295963439642922,2.902821982549567,-27.907367116130786,-63.064415998345446
2002-09-07,9.033759216851283,2.6570213374831506,-29.154506166467094,-62.64319355051513
2002-09-08,8.548519008566164,1.918005936162884,-29.767682422573554,-63.370962031730414
2002-09-09,9.267853277462013,1.6075328587788935,-29.849462691278987,-62.537573234924466
2002-09-10,10.245817701378378,2.6129460708529324,-29.51019991117585,-63.21057238294756
2002-09-11,11.44884600037388,3.1265725149714796,-28.79817334152521,-65.8608358451253
2002-09-12,11.56644271238969,1.8725059279260474,-27.90166808861437,-65.11237274046046
2002-09-13,9.045026538706525,-0.5010768380003663,-26.364192511430485,-65.37916249286891
2002-09-14,9.269343475994239,0.9910827445502757,-26.231918359650503,-66.83455590268207
2002-09-15,9.86756711524071,0.06279522672837312,-26.298858748453096,-66.80951145423255
2002-09-16,9.541528428988224,0.16631298973103803,-25.219618024144946,-66.25322774575228
2002-09-17,9.174691921221585,-0.1612759667292118,-25.79823075927818,-66.88573901335009
2002-09-18,9.622593907310918,-0.23399335366778812,-25.606340708997877,-66.46175611705075
2002-09-19,11.841642282739171,-1.7046035118303804,-25.82885557777097,-66.68659423858777
2002-09-20,12.082112423635321,-0.06156992436341113,-24.151907077419416,-66.51660826447022
2002-09-21,11.90087625563037,0.023694809680820092,-23.986744614889993,-67.8903071671223
2002-09-22,11.337628104740524,-0.021808471024700266,-22.57508244468932,-66.33120919279833
2002-09-23,11.114646026909677,0.6921621763937337,-21.439774286037103,-66.72203245802264
2002-09-24,10.340475928659586,1.4501859623888145,-20.683467525418376,-66.55884167824419
2002-09-25,9.606075449082926,0.8787816471842458,-22.369592441110804,-66.01135779596785
2002-09-26,9.49219338605915,0.5667546001162992,-20.63487542489761,-66.47870404374822
